date,kota,month,month_sin,month_cos,ihk_kel_01_mtm,ihk_kel_03_mtm,ihk_kel_06_mtm,gt_harga_beras,gt_harga_cabai,gt_harga_telur,gt_harga_daging_ayam,gt_harga_minyak_goreng,gt_harga_bawang,gt_tiket_pesawat,gt_tiket_kereta,gt_harga_bensin,kurs_usd_idr,bi_rate_percent,harga_bbm_pertamax,oceanic_nino_index,is_ramadan,is_lebaran,pre_lebaran_1m,is_dry_season,is_rainy_season,is_el_nino,is_la_nina,bbm_price_hike_event,bi_rate_hike_event,ihk_umum_mtm_lag1,ihk_umum_mtm_lag2,ihk_umum_mtm_lag3,inflasi_general_mtm_lag1,inflasi_general_mtm_lag2,inflasi_general_mtm_lag3,inflasi_core_mtm_lag1,inflasi_core_mtm_lag2,inflasi_core_mtm_lag3,inflasi_administered_price_mtm_lag1,inflasi_administered_price_mtm_lag2,inflasi_administered_price_mtm_lag3,inflasi_volatile_good_mtm_lag1,inflasi_volatile_good_mtm_lag2,inflasi_volatile_good_mtm_lag3,gt_harga_beras_lag1,gt_harga_beras_lag2,gt_harga_beras_lag3,gt_harga_cabai_lag1,gt_harga_cabai_lag2,gt_harga_cabai_lag3,gt_harga_telur_lag1,gt_harga_telur_lag2,gt_harga_telur_lag3,gt_harga_daging_ayam_lag1,gt_harga_daging_ayam_lag2,gt_harga_daging_ayam_lag3,gt_harga_minyak_goreng_lag1,gt_harga_minyak_goreng_lag2,gt_harga_minyak_goreng_lag3,gt_harga_bawang_lag1,gt_harga_bawang_lag2,gt_harga_bawang_lag3,gt_tiket_pesawat_lag1,gt_tiket_pesawat_lag2,gt_tiket_pesawat_lag3,gt_tiket_kereta_lag1,gt_tiket_kereta_lag2,gt_tiket_kereta_lag3,gt_harga_bensin_lag1,gt_harga_bensin_lag2,gt_harga_bensin_lag3,kurs_usd_idr_lag1,kurs_usd_idr_lag2,kurs_usd_idr_lag3,bi_rate_percent_lag1,bi_rate_percent_lag2,bi_rate_percent_lag3,harga_bbm_pertamax_lag1,harga_bbm_pertamax_lag2,harga_bbm_pertamax_lag3,oceanic_nino_index_lag1,oceanic_nino_index_lag2,oceanic_nino_index_lag3,ihk_umum_mtm_roll_mean_3,ihk_umum_mtm_roll_std_3,ihk_umum_mtm_roll_mean_6,ihk_umum_mtm_roll_std_6,inflasi_general_mtm_roll_mean_3,inflasi_general_mtm_roll_std_3,inflasi_general_mtm_roll_mean_6,inflasi_general_mtm_roll_std_6,inflasi_core_mtm_roll_mean_3,inflasi_core_mtm_roll_std_3,inflasi_core_mtm_roll_mean_6,inflasi_core_mtm_roll_std_6,inflasi_administered_price_mtm_roll_mean_3,inflasi_administered_price_mtm_roll_std_3,inflasi_administered_price_mtm_roll_mean_6,inflasi_administered_price_mtm_roll_std_6,inflasi_volatile_good_mtm_roll_mean_3,inflasi_volatile_good_mtm_roll_std_3,inflasi_volatile_good_mtm_roll_mean_6,inflasi_volatile_good_mtm_roll_std_6,gt_harga_beras_diff1,gt_harga_beras_pct_change,gt_harga_cabai_diff1,gt_harga_cabai_pct_change,gt_harga_telur_diff1,gt_harga_telur_pct_change,gt_harga_daging_ayam_diff1,gt_harga_daging_ayam_pct_change,gt_harga_minyak_goreng_diff1,gt_harga_minyak_goreng_pct_change,gt_harga_bawang_diff1,gt_harga_bawang_pct_change,gt_tiket_pesawat_diff1,gt_tiket_pesawat_pct_change,gt_tiket_kereta_diff1,gt_tiket_kereta_pct_change,gt_harga_bensin_diff1,gt_harga_bensin_pct_change,gt_harga_beras_lag1_diff1,gt_harga_beras_lag1_pct_change,gt_harga_beras_lag2_diff1,gt_harga_beras_lag2_pct_change,gt_harga_beras_lag3_diff1,gt_harga_beras_lag3_pct_change,gt_harga_cabai_lag1_diff1,gt_harga_cabai_lag1_pct_change,gt_harga_cabai_lag2_diff1,gt_harga_cabai_lag2_pct_change,gt_harga_cabai_lag3_diff1,gt_harga_cabai_lag3_pct_change,gt_harga_telur_lag1_diff1,gt_harga_telur_lag1_pct_change,gt_harga_telur_lag2_diff1,gt_harga_telur_lag2_pct_change,gt_harga_telur_lag3_diff1,gt_harga_telur_lag3_pct_change,gt_harga_daging_ayam_lag1_diff1,gt_harga_daging_ayam_lag1_pct_change,gt_harga_daging_ayam_lag2_diff1,gt_harga_daging_ayam_lag2_pct_change,gt_harga_daging_ayam_lag3_diff1,gt_harga_daging_ayam_lag3_pct_change,gt_harga_minyak_goreng_lag1_diff1,gt_harga_minyak_goreng_lag1_pct_change,gt_harga_minyak_goreng_lag2_diff1,gt_harga_minyak_goreng_lag2_pct_change,gt_harga_minyak_goreng_lag3_diff1,gt_harga_minyak_goreng_lag3_pct_change,gt_harga_bawang_lag1_diff1,gt_harga_bawang_lag1_pct_change,gt_harga_bawang_lag2_diff1,gt_harga_bawang_lag2_pct_change,gt_harga_bawang_lag3_diff1,gt_harga_bawang_lag3_pct_change,gt_tiket_pesawat_lag1_diff1,gt_tiket_pesawat_lag1_pct_change,gt_tiket_pesawat_lag2_diff1,gt_tiket_pesawat_lag2_pct_change,gt_tiket_pesawat_lag3_diff1,gt_tiket_pesawat_lag3_pct_change,gt_tiket_kereta_lag1_diff1,gt_tiket_kereta_lag1_pct_change,gt_tiket_kereta_lag2_diff1,gt_tiket_kereta_lag2_pct_change,gt_tiket_kereta_lag3_diff1,gt_tiket_kereta_lag3_pct_change,gt_harga_bensin_lag1_diff1,gt_harga_bensin_lag1_pct_change,gt_harga_bensin_lag2_diff1,gt_harga_bensin_lag2_pct_change,gt_harga_bensin_lag3_diff1,gt_harga_bensin_lag3_pct_change,kota_jakarta,kota_makassar,kota_medan,kota_surabaya,ihk_umum_mtm,inflasi_general_mtm,inflasi_core_mtm,inflasi_administered_price_mtm,inflasi_volatile_good_mtm
2020-02-01,bandung,2,0.866025404,0.5,1.28,0.05,-0.72,51,42,76,43,13,67,87.0,98.0,32.0,13707.272,4.75,9000,0.6,0,0,0.0,0,1,1,0,0,0,0.32,0.32,0.32,0.39,0.39,0.39,0.19,0.19,0.19,-0.28,-0.28,-0.28,1.93,1.93,1.93,37.0,37.0,37.0,35.0,35.0,35.0,54.0,54.0,54.0,43.0,43.0,43.0,10.0,10.0,10.0,47.0,47.0,47.0,100.0,100.0,100.0,79.0,79.0,79.0,36.0,36.0,36.0,13663.56727,13663.56727,13663.56727,5.0,5.0,5.0,9200.0,9200.0,9200.0,0.6,0.6,0.6,0.056666667,0.243378991,0.041666667,0.285756306,0.256666667,0.146401275,0.183333333,0.128478273,0.206666667,0.076376262,0.145,0.096488341,-0.193333333,0.085049005,0.028333333,0.357402667,0.94,1.189831921,0.5,0.983178519,14.0,0.378378378,7.0,0.2,22.0,0.407407407,0.0,0.0,3.0,0.3,20.0,0.425531915,-13.0,-0.13,21.0,0.265822785,-4.0,-0.111111111,14.0,0.378378378,14.0,0.378378378,14.0,0.378378378,7.0,0.2,7.0,0.2,7.0,0.2,22.0,0.407407407,22.0,0.407407407,22.0,0.407407407,0.0,0.0,0.0,0.0,0.0,0.0,3.0,0.3,3.0,0.3,3.0,0.3,20.0,0.425531915,20.0,0.425531915,20.0,0.425531915,-13.0,-0.13,-13.0,-0.13,-13.0,-0.13,21.0,0.265822785,21.0,0.265822785,21.0,0.265822785,-4.0,-0.111111111,-4.0,-0.111111111,-4.0,-0.111111111,0,0,0,0,0.32,0.28,0.14,-0.11,1.27
2020-03-01,bandung,3,1.0,6.12e-17,0.95,0.0,-0.6,57,34,65,43,12,66,79.0,54.0,29.0,15118.60095,4.5,9000,0.5,0,0,0.0,0,0,1,0,0,0,0.32,0.32,0.32,0.28,0.39,0.39,0.14,0.19,0.19,-0.11,-0.28,-0.28,1.27,1.93,1.93,51.0,37.0,37.0,42.0,35.0,35.0,76.0,54.0,54.0,43.0,43.0,43.0,13.0,10.0,10.0,67.0,47.0,47.0,87.0,100.0,100.0,100.0,79.0,79.0,32.0,36.0,36.0,13707.272,13663.56727,13663.56727,4.75,5.0,5.0,9000.0,9200.0,9200.0,0.6,0.6,0.6,0.056666667,0.243378991,0.041666667,0.285756306,0.256666667,0.146401275,0.183333333,0.128478273,0.206666667,0.076376262,0.145,0.096488341,-0.193333333,0.085049005,0.028333333,0.357402667,0.94,1.189831921,0.5,0.983178519,6.0,0.117647059,-8.0,-0.19047619,-11.0,-0.144736842,0.0,0.0,-1.0,-0.076923077,-1.0,-0.014925373,-8.0,-0.091954023,-40.31,-0.46,-3.0,-0.09375,14.0,0.378378378,14.0,0.378378378,14.0,0.378378378,7.0,0.2,7.0,0.2,7.0,0.2,22.0,0.407407407,22.0,0.407407407,22.0,0.407407407,0.0,0.0,0.0,0.0,0.0,0.0,3.0,0.3,3.0,0.3,3.0,0.3,20.0,0.425531915,20.0,0.425531915,20.0,0.425531915,-13.0,-0.13,-13.0,-0.13,-13.0,-0.13,21.0,0.265822785,21.0,0.265822785,21.0,0.265822785,-4.0,-0.111111111,-4.0,-0.111111111,-4.0,-0.111111111,0,0,0,0,0.01,0.1,0.29,-0.19,-0.38
2020-04-01,bandung,4,0.866025404,-0.5,0.41,0.0,-0.38,87,50,89,100,22,100,39.0,19.0,26.0,15788.09476,4.5,9000,0.3,1,0,1.0,0,0,0,0,0,0,0.01,0.32,0.32,0.1,0.28,0.39,0.29,0.14,0.19,-0.19,-0.11,-0.28,-0.38,1.27,1.93,57.0,51.0,37.0,34.0,42.0,35.0,65.0,76.0,54.0,43.0,43.0,43.0,12.0,13.0,10.0,66.0,67.0,47.0,79.0,87.0,100.0,54.0,100.0,79.0,29.0,32.0,36.0,15118.60095,13707.272,13663.56727,4.5,4.75,5.0,9000.0,9000.0,9200.0,0.5,0.6,0.6,0.056666667,0.243378991,0.041666667,0.285756306,0.153333333,0.110151411,0.183333333,0.128478273,0.2,0.079372539,0.145,0.096488341,-0.146666667,0.040414519,0.028333333,0.357402667,0.266666667,0.880927541,0.5,0.983178519,30.0,0.526315789,16.0,0.470588235,24.0,0.369230769,57.0,1.090909091,10.0,0.833333333,34.0,0.515151515,-40.0,-0.506329114,-35.0,-0.648148148,-3.0,-0.103448276,6.0,0.117647059,14.0,0.378378378,14.0,0.378378378,-8.0,-0.19047619,7.0,0.2,7.0,0.2,-11.0,-0.144736842,22.0,0.407407407,22.0,0.407407407,0.0,0.0,0.0,0.0,0.0,0.0,-1.0,-0.076923077,3.0,0.3,3.0,0.3,-1.0,-0.014925373,20.0,0.425531915,20.0,0.425531915,-8.0,-0.091954023,-13.0,-0.13,-13.0,-0.13,-40.31,-0.46,21.0,0.265822785,21.0,0.265822785,-3.0,-0.09375,-4.0,-0.111111111,-4.0,-0.111111111,0,0,0,0,-0.16,0.08,0.17,-0.14,-0.09
2020-05-01,bandung,5,0.5,-0.866025404,-0.97,0.0,0.12,78,42,99,79,19,86,40.0,16.0,27.0,14831.66,4.5,9000,0.0,1,1,0.0,0,0,0,0,0,0,-0.16,0.01,0.32,0.08,0.1,0.28,0.17,0.29,0.14,-0.14,-0.19,-0.11,-0.09,-0.38,1.27,87.0,57.0,51.0,50.0,34.0,42.0,89.0,65.0,76.0,100.0,43.0,43.0,22.0,12.0,13.0,100.0,66.0,67.0,39.0,79.0,87.0,19.0,54.0,100.0,26.0,29.0,32.0,15788.09476,15118.60095,13707.272,4.5,4.5,4.75,9000.0,9000.0,9000.0,0.3,0.5,0.6,0.02,0.185202592,0.041666667,0.285756306,0.083333333,0.015275252,0.183333333,0.128478273,0.173333333,0.115036226,0.145,0.096488341,0.113333333,0.482735262,0.028333333,0.357402667,-0.323333333,0.210792157,0.5,0.983178519,-9.0,-0.103448276,-8.0,-0.16,10.0,0.112359551,-21.0,-0.21,-3.0,-0.136363636,-14.0,-0.14,1.0,0.025641026,-3.0,-0.157894737,1.0,0.038461538,30.0,0.526315789,6.0,0.117647059,14.0,0.378378378,16.0,0.470588235,-8.0,-0.19047619,7.0,0.2,24.0,0.369230769,-11.0,-0.144736842,22.0,0.407407407,57.0,1.090909091,0.0,0.0,0.0,0.0,10.0,0.833333333,-1.0,-0.076923077,3.0,0.3,34.0,0.515151515,-1.0,-0.014925373,20.0,0.425531915,-40.0,-0.506329114,-8.0,-0.091954023,-13.0,-0.13,-35.0,-0.648148148,-40.31,-0.46,21.0,0.265822785,-3.0,-0.103448276,-3.0,-0.09375,-4.0,-0.111111111,0,0,0,0,0.21,0.07,0.06,0.67,-0.5
2020-06-01,bandung,6,1.22e-16,-1.0,1.43,0.0,0.34,70,36,100,60,14,86,46.0,24.0,39.0,14124.97524,4.25,9000,-0.2,0,0,0.0,1,0,0,0,0,0,0.21,-0.16,0.01,0.07,0.08,0.1,0.06,0.17,0.29,0.67,-0.14,-0.19,-0.5,-0.09,-0.38,78.0,87.0,57.0,42.0,50.0,34.0,99.0,89.0,65.0,79.0,100.0,43.0,19.0,22.0,12.0,86.0,100.0,66.0,40.0,39.0,79.0,16.0,19.0,54.0,27.0,26.0,29.0,14831.66,15788.09476,15118.60095,4.5,4.5,4.5,9000.0,9000.0,9000.0,0.0,0.3,0.5,0.11,0.236431808,0.041666667,0.285756306,0.11,0.060827625,0.183333333,0.128478273,0.083333333,0.077674535,0.145,0.096488341,0.25,0.405832478,0.028333333,0.357402667,0.06,0.648151217,0.5,0.983178519,-8.0,-0.102564103,-6.0,-0.142857143,1.0,0.01010101,-19.0,-0.240506329,-5.0,-0.263157895,0.0,0.0,6.0,0.15,8.0,0.5,12.0,0.444444444,-9.0,-0.103448276,30.0,0.526315789,6.0,0.117647059,-8.0,-0.16,16.0,0.470588235,-8.0,-0.19047619,10.0,0.112359551,24.0,0.369230769,-11.0,-0.144736842,-21.0,-0.21,57.0,1.090909091,0.0,0.0,-3.0,-0.136363636,10.0,0.833333333,-1.0,-0.076923077,-14.0,-0.14,34.0,0.515151515,-1.0,-0.014925373,1.0,0.025641026,-40.0,-0.506329114,-8.0,-0.091954023,-3.0,-0.157894737,-35.0,-0.648148148,-40.31,-0.46,1.0,0.038461538,-3.0,-0.103448276,-3.0,-0.09375,0,0,0,0,0.28,0.18,0.02,0.22,0.77
2020-07-01,bandung,7,-0.5,-0.866025404,-0.81,0.0,0.12,37,27,66,50,10,63,45.0,21.0,28.0,14509.49909,4.0,9000,-0.4,0,0,0.0,1,0,0,0,0,0,0.28,0.21,-0.16,0.18,0.07,0.08,0.02,0.06,0.17,0.22,0.67,-0.14,0.77,-0.5,-0.09,70.0,78.0,87.0,36.0,42.0,50.0,100.0,99.0,89.0,60.0,79.0,100.0,14.0,19.0,22.0,86.0,86.0,100.0,46.0,40.0,39.0,24.0,16.0,19.0,39.0,27.0,26.0,14124.97524,14831.66,15788.09476,4.25,4.5,4.5,9000.0,9000.0,9000.0,-0.2,0.0,0.3,0.026666667,0.379780638,0.041666667,0.285756306,0.05,0.14106736,0.101666667,0.12655697,0.08,0.072111026,0.14,0.094445752,0.273333333,0.372871738,0.063333333,0.330434058,-0.306666667,0.994199846,-0.02,0.896883493,-33.0,-0.471428571,-9.0,-0.25,-32.62,-0.34,-10.0,-0.166666667,-4.0,-0.285714286,-23.0,-0.26744186,-1.0,-0.02173913,-3.0,-0.125,-11.0,-0.282051282,-8.0,-0.102564103,-9.0,-0.103448276,30.0,0.526315789,-6.0,-0.142857143,-8.0,-0.16,16.0,0.470588235,1.0,0.01010101,10.0,0.112359551,24.0,0.369230769,-19.0,-0.240506329,-21.0,-0.21,57.0,1.090909091,-5.0,-0.263157895,-3.0,-0.136363636,10.0,0.833333333,0.0,0.0,-14.0,-0.14,34.0,0.515151515,6.0,0.15,1.0,0.025641026,-40.0,-0.506329114,8.0,0.5,-3.0,-0.157894737,-35.0,-0.648148148,12.0,0.444444444,1.0,0.038461538,-3.0,-0.103448276,0,0,0,0,-0.41,-0.1,0.16,-0.07,-1.19
2020-08-01,bandung,8,-0.866025404,-0.5,-1.26,-0.02,0.03,32,21,53,40,9,52,50.0,24.0,25.0,14650.88,4.0,9000,-0.5,0,0,0.0,1,0,0,1,0,0,-0.41,0.28,0.21,-0.1,0.18,0.07,0.16,0.02,0.06,-0.07,0.22,0.67,-1.19,0.77,-0.5,37.0,70.0,78.0,27.0,36.0,42.0,66.0,100.0,99.0,50.0,60.0,79.0,10.0,14.0,19.0,63.0,86.0,86.0,45.0,46.0,40.0,21.0,24.0,16.0,28.0,39.0,27.0,14509.49909,14124.97524,14831.66,4.0,4.25,4.5,9000.0,9000.0,9000.0,-0.4,-0.2,0.0,-0.02,0.353694784,9.25e-18,0.253456111,0.01,0.149331845,0.046666667,0.103085725,0.156666667,0.135030861,0.165,0.112561095,0.043333333,0.155026879,0.078333333,0.322949945,-0.62,1.210247908,-0.471666667,0.793761089,-5.0,-0.135135135,-6.0,-0.222222222,-13.0,-0.196969697,-10.0,-0.2,-1.0,-0.1,-11.0,-0.174603175,5.0,0.111111111,3.0,0.142857143,-3.0,-0.107142857,-33.0,-0.471428571,-8.0,-0.102564103,-9.0,-0.103448276,-9.0,-0.25,-6.0,-0.142857143,-8.0,-0.16,-32.62,-0.34,1.0,0.01010101,10.0,0.112359551,-10.0,-0.166666667,-19.0,-0.240506329,-21.0,-0.21,-4.0,-0.285714286,-5.0,-0.263157895,-3.0,-0.136363636,-23.0,-0.26744186,0.0,0.0,-14.0,-0.14,-1.0,-0.02173913,6.0,0.15,1.0,0.025641026,-3.0,-0.125,8.0,0.5,-3.0,-0.157894737,-11.0,-0.282051282,12.0,0.444444444,1.0,0.038461538,0,0,0,0,0.07,-0.05,0.29,-0.02,-1.44
2020-09-01,bandung,9,-1.0,-1.84e-16,-0.32,0.0,-0.01,41,21,55,36,11,42,39.0,17.0,25.0,14773.71682,4.0,9000,-0.8,0,0,0.0,1,0,0,1,0,0,0.07,-0.41,0.28,-0.05,-0.1,0.18,0.29,0.16,0.02,-0.02,-0.07,0.22,-1.44,-1.19,0.77,32.0,37.0,70.0,21.0,27.0,36.0,53.0,66.0,100.0,40.0,50.0,60.0,9.0,10.0,14.0,52.0,63.0,86.0,50.0,45.0,46.0,24.0,21.0,24.0,25.0,28.0,39.0,14650.88,14509.49909,14124.97524,4.0,4.0,4.25,9000.0,9000.0,9000.0,-0.5,-0.4,-0.2,-0.173333333,0.240069434,-0.031666667,0.263622204,-0.066666667,0.028867513,0.021666667,0.105719755,0.193333333,0.085049005,0.138333333,0.094533945,-0.093333333,0.087368949,0.078333333,0.322949945,-1.076666667,0.431315816,-0.508333333,0.793761089,9.0,0.28125,0.0,0.0,2.0,0.037735849,-4.0,-0.1,2.0,0.222222222,-10.0,-0.192307692,-11.0,-0.22,-7.0,-0.291666667,0.0,0.0,-5.0,-0.135135135,-33.0,-0.471428571,-8.0,-0.102564103,-6.0,-0.222222222,-9.0,-0.25,-6.0,-0.142857143,-13.0,-0.196969697,-32.62,-0.34,1.0,0.01010101,-10.0,-0.2,-10.0,-0.166666667,-19.0,-0.240506329,-1.0,-0.1,-4.0,-0.285714286,-5.0,-0.263157895,-11.0,-0.174603175,-23.0,-0.26744186,0.0,0.0,5.0,0.111111111,-1.0,-0.02173913,6.0,0.15,3.0,0.142857143,-3.0,-0.125,8.0,0.5,-3.0,-0.107142857,-11.0,-0.282051282,12.0,0.444444444,0,0,0,0,-0.18,-0.05,0.13,-0.19,-0.6
2020-10-01,bandung,10,-0.866025404,0.5,-0.1,-0.05,0.1,39,22,64,39,11,43,51.0,22.0,20.0,14675.39227,4.0,9000,-1.1,0,0,0.0,0,0,0,1,0,0,-0.18,0.07,-0.41,-0.05,-0.05,-0.1,0.13,0.29,0.16,-0.19,-0.02,-0.07,-0.6,-1.44,-1.19,41.0,32.0,37.0,21.0,21.0,27.0,55.0,53.0,66.0,36.0,40.0,50.0,11.0,9.0,10.0,42.0,52.0,63.0,39.0,50.0,45.0,17.0,24.0,21.0,25.0,25.0,28.0,14773.71682,14650.88,14509.49909,4.0,4.0,4.0,9000.0,9000.0,9000.0,-0.8,-0.5,-0.4,-0.043333333,0.126622799,-0.008333333,0.256079415,-0.01,0.069282032,0.02,0.104690019,0.153333333,0.126622799,0.116666667,0.100531919,-0.12,0.088881944,0.076666667,0.32432494,-0.546666667,0.921158691,-0.426666667,0.867217773,-2.0,-0.048780488,1.0,0.047619048,9.0,0.163636364,3.0,0.083333333,0.0,0.0,1.0,0.023809524,12.0,0.307692308,5.0,0.294117647,-5.0,-0.2,9.0,0.28125,-5.0,-0.135135135,-33.0,-0.471428571,0.0,0.0,-6.0,-0.222222222,-9.0,-0.25,2.0,0.037735849,-13.0,-0.196969697,-32.62,-0.34,-4.0,-0.1,-10.0,-0.2,-10.0,-0.166666667,2.0,0.222222222,-1.0,-0.1,-4.0,-0.285714286,-10.0,-0.192307692,-11.0,-0.174603175,-23.0,-0.26744186,-11.0,-0.22,5.0,0.111111111,-1.0,-0.02173913,-7.0,-0.291666667,3.0,0.142857143,-3.0,-0.125,0.0,0.0,-3.0,-0.107142857,-11.0,-0.282051282,0,0,0,0,-0.02,0.07,0.04,-0.15,0.4
2020-11-01,bandung,11,-0.5,0.866025404,1.01,-0.06,0.03,41,37,66,52,12,44,65.0,29.0,25.0,14165.6281,3.75,9000,-1.2,0,0,0.0,0,1,0,1,0,0,-0.02,-0.18,0.07,0.07,-0.05,-0.05,0.04,0.13,0.29,-0.15,-0.19,-0.02,0.4,-0.6,-1.44,39.0,41.0,32.0,22.0,21.0,21.0,64.0,55.0,53.0,39.0,36.0,40.0,11.0,11.0,9.0,43.0,42.0,52.0,51.0,39.0,50.0,22.0,17.0,24.0,20.0,25.0,25.0,14675.39227,14773.71682,14650.88,4.0,4.0,4.0,9000.0,9000.0,9000.0,-1.1,-0.8,-0.5,9.25e-18,0.19078784,-0.01,0.254401258,0.1,0.167032931,0.055,0.15003333,0.076666667,0.047258156,0.116666667,0.100531919,-0.06,0.191572441,-0.008333333,0.165821189,0.37,0.955353338,-0.125,1.115791199,2.0,0.051282051,15.0,0.681818182,2.0,0.03125,13.0,0.333333333,1.0,0.090909091,1.0,0.023255814,14.0,0.274509804,7.0,0.318181818,5.0,0.25,-2.0,-0.048780488,9.0,0.28125,-5.0,-0.135135135,1.0,0.047619048,0.0,0.0,-6.0,-0.222222222,9.0,0.163636364,2.0,0.037735849,-13.0,-0.196969697,3.0,0.083333333,-4.0,-0.1,-10.0,-0.2,0.0,0.0,2.0,0.222222222,-1.0,-0.1,1.0,0.023809524,-10.0,-0.192307692,-11.0,-0.174603175,12.0,0.307692308,-11.0,-0.22,5.0,0.111111111,5.0,0.294117647,-7.0,-0.291666667,3.0,0.142857143,-5.0,-0.2,0.0,0.0,-3.0,-0.107142857,0,0,0,0,0.2,0.28,0.06,0.16,1.31
2020-12-01,bandung,12,-2.45e-16,1.0,1.45,0.01,0.11,43,34,79,84,12,49,58.0,24.0,25.0,14102.22304,3.75,9000,-1.1,0,0,0.0,0,1,0,1,0,0,0.2,-0.02,-0.18,0.28,0.07,-0.05,0.06,0.04,0.13,0.16,-0.15,-0.19,1.31,0.4,-0.6,41.0,39.0,41.0,37.0,22.0,21.0,66.0,64.0,55.0,52.0,39.0,36.0,12.0,11.0,11.0,44.0,43.0,42.0,65.0,51.0,39.0,29.0,22.0,17.0,25.0,20.0,25.0,14165.6281,14675.39227,14773.71682,3.75,4.0,4.0,9000.0,9000.0,9000.0,-1.2,-1.1,-0.8,0.226666667,0.261023626,0.026666667,0.31353894,0.266666667,0.190350554,0.1,0.219453868,0.05,0.01,0.121666667,0.095376447,0.12,0.252388589,0.013333333,0.20539393,1.293333333,0.885117695,0.108333333,1.439741875,2.0,0.048780488,-3.0,-0.081081081,13.0,0.196969697,32.0,0.615384615,0.0,0.0,5.0,0.113636364,-7.0,-0.107692308,-5.0,-0.172413793,0.0,0.0,2.0,0.051282051,-2.0,-0.048780488,9.0,0.28125,15.0,0.681818182,1.0,0.047619048,0.0,0.0,2.0,0.03125,9.0,0.163636364,2.0,0.037735849,13.0,0.333333333,3.0,0.083333333,-4.0,-0.1,1.0,0.090909091,0.0,0.0,2.0,0.222222222,1.0,0.023255814,1.0,0.023809524,-10.0,-0.192307692,14.0,0.274509804,12.0,0.307692308,-11.0,-0.22,7.0,0.318181818,5.0,0.294117647,-7.0,-0.291666667,5.0,0.25,-5.0,-0.2,0.0,0.0,0,0,0,0,0.5,0.45,0.05,0.35,2.17
2021-01-01,bandung,1,0.5,0.866025404,0.53,0.0,-0.26,40,39,74,46,10,50,55.0,16.0,32.0,13991.593,3.75,9000,-0.9,0,0,0.0,0,1,0,1,0,0,0.5,0.2,-0.02,0.45,0.28,0.07,0.05,0.06,0.04,0.35,0.16,-0.15,2.17,1.31,0.4,43.0,41.0,39.0,34.0,37.0,22.0,79.0,66.0,64.0,84.0,52.0,39.0,12.0,12.0,11.0,49.0,44.0,43.0,58.0,65.0,51.0,24.0,29.0,22.0,25.0,25.0,20.0,14102.22304,14165.6281,14675.39227,3.75,3.75,4.0,9000.0,9000.0,9000.0,-1.1,-1.2,-1.1,0.356666667,0.150443788,0.156666667,0.251925915,0.33,0.104403065,0.16,0.20238577,0.083333333,0.049328829,0.118333333,0.094109865,0.106666667,0.27392213,-0.006666667,0.220423834,1.543333333,0.548573909,0.498333333,1.330494895,-3.0,-0.069767442,5.0,0.147058824,-5.0,-0.063291139,-38.0,-0.452380952,-2.0,-0.166666667,1.0,0.020408163,-3.0,-0.051724138,-8.0,-0.333333333,7.0,0.28,2.0,0.048780488,2.0,0.051282051,-2.0,-0.048780488,-3.0,-0.081081081,15.0,0.681818182,1.0,0.047619048,13.0,0.196969697,2.0,0.03125,9.0,0.163636364,32.0,0.615384615,13.0,0.333333333,3.0,0.083333333,0.0,0.0,1.0,0.090909091,0.0,0.0,5.0,0.113636364,1.0,0.023255814,1.0,0.023809524,-7.0,-0.107692308,14.0,0.274509804,12.0,0.307692308,-5.0,-0.172413793,7.0,0.318181818,5.0,0.294117647,0.0,0.0,5.0,0.25,-5.0,-0.2,0,0,0,0,0.37,0.26,0.14,-0.19,1.15
2021-02-01,bandung,2,0.866025404,0.5,0.25,0.0,0.11,68,44,80,36,12,57,41.0,18.0,35.0,13971.892,3.5,9000,-0.8,0,0,0.0,0,1,0,1,0,0,0.37,0.5,0.2,0.26,0.45,0.28,0.14,0.05,0.06,-0.19,0.35,0.16,1.15,2.17,1.31,40.0,43.0,41.0,39.0,34.0,37.0,74.0,79.0,66.0,46.0,84.0,52.0,10.0,12.0,12.0,50.0,49.0,44.0,55.0,58.0,65.0,16.0,24.0,29.0,32.0,25.0,25.0,13991.593,14102.22304,14165.6281,3.75,3.75,3.75,9000.0,9000.0,9000.0,-0.9,-1.1,-1.2,0.386666667,0.105987421,0.193333333,0.252797679,0.27,0.175214155,0.185,0.179192634,0.1,0.045825757,0.088333333,0.043550737,0.123333333,0.280237994,0.031666667,0.237016174,1.103333333,1.090748978,0.736666667,1.001152669,28.0,0.7,5.0,0.128205128,6.0,0.081081081,-10.0,-0.217391304,2.0,0.2,7.0,0.14,-14.0,-0.254545455,2.0,0.125,3.0,0.09375,-3.0,-0.069767442,2.0,0.048780488,2.0,0.051282051,5.0,0.147058824,-3.0,-0.081081081,15.0,0.681818182,-5.0,-0.063291139,13.0,0.196969697,2.0,0.03125,-38.0,-0.452380952,32.0,0.615384615,13.0,0.333333333,-2.0,-0.166666667,0.0,0.0,1.0,0.090909091,1.0,0.020408163,5.0,0.113636364,1.0,0.023255814,-3.0,-0.051724138,-7.0,-0.107692308,14.0,0.274509804,-8.0,-0.333333333,-5.0,-0.172413793,7.0,0.318181818,7.0,0.28,0.0,0.0,5.0,0.25,0,0,0,0,0.29,0.1,0.11,0.21,-0.01
2021-03-01,bandung,3,1.0,6.12e-17,0.16,0.33,0.08,94,72,74,56,16,54,46.0,22.0,45.0,14345.30652,3.5,9000,-0.7,0,0,0.0,0,0,0,1,0,0,0.29,0.37,0.5,0.1,0.26,0.45,0.11,0.14,0.05,0.21,-0.19,0.35,-0.01,1.15,2.17,68.0,40.0,43.0,44.0,39.0,34.0,80.0,74.0,79.0,36.0,46.0,84.0,12.0,10.0,12.0,57.0,50.0,49.0,41.0,55.0,58.0,18.0,16.0,24.0,35.0,32.0,25.0,13971.892,13991.593,14102.22304,3.5,3.75,3.75,9000.0,9000.0,9000.0,-0.8,-0.9,-1.1,0.25,0.144222051,0.238333333,0.189041442,0.146666667,0.098657657,0.206666667,0.150687314,0.073333333,0.090737717,0.061666667,0.059132619,0.013333333,0.200083316,0.066666667,0.211911931,0.566666667,0.580028735,0.93,0.77869121,26.0,0.382352941,28.0,0.636363636,-6.0,-0.075,20.0,0.555555556,4.0,0.333333333,-3.0,-0.052631579,5.0,0.12195122,4.0,0.222222222,10.0,0.285714286,28.0,0.7,-3.0,-0.069767442,2.0,0.048780488,5.0,0.128205128,5.0,0.147058824,-3.0,-0.081081081,6.0,0.081081081,-5.0,-0.063291139,13.0,0.196969697,-10.0,-0.217391304,-38.0,-0.452380952,32.0,0.615384615,2.0,0.2,-2.0,-0.166666667,0.0,0.0,7.0,0.14,1.0,0.020408163,5.0,0.113636364,-14.0,-0.254545455,-3.0,-0.051724138,-7.0,-0.107692308,2.0,0.125,-8.0,-0.333333333,-5.0,-0.172413793,3.0,0.09375,7.0,0.28,0.0,0.0,0,0,0,0,0.09,0.08,-0.03,0.02,0.56
2021-04-01,bandung,4,0.866025404,-0.5,0.46,0.0,0.32,54,39,79,67,15,51,45.0,23.0,27.0,14485.39318,3.5,9000,-0.5,1,0,1.0,0,0,0,1,0,0,0.09,0.29,0.37,0.08,0.1,0.26,-0.03,0.11,0.14,0.02,0.21,-0.19,0.56,-0.01,1.15,94.0,68.0,40.0,72.0,44.0,39.0,74.0,80.0,74.0,56.0,36.0,46.0,16.0,12.0,10.0,54.0,57.0,50.0,46.0,41.0,55.0,22.0,18.0,16.0,45.0,35.0,32.0,14345.30652,13971.892,13991.593,3.5,3.5,3.75,9000.0,9000.0,9000.0,-0.7,-0.8,-0.9,0.156666667,0.115470054,0.256666667,0.162439732,0.103333333,0.025166115,0.216666667,0.141515606,0.073333333,0.090737717,0.078333333,0.065548964,0.113333333,0.09504385,0.11,0.183412104,0.233333333,0.293995465,0.888333333,0.818398843,-40.0,-0.425531915,-33.0,-0.458333333,5.0,0.067567568,11.0,0.196428571,-1.0,-0.0625,-3.0,-0.055555556,-1.0,-0.02173913,1.0,0.045454545,-18.0,-0.4,26.0,0.382352941,28.0,0.7,-3.0,-0.069767442,28.0,0.636363636,5.0,0.128205128,5.0,0.147058824,-6.0,-0.075,6.0,0.081081081,-5.0,-0.063291139,20.0,0.555555556,-10.0,-0.217391304,-38.0,-0.452380952,4.0,0.333333333,2.0,0.2,-2.0,-0.166666667,-3.0,-0.052631579,7.0,0.14,1.0,0.020408163,5.0,0.12195122,-14.0,-0.254545455,-3.0,-0.051724138,4.0,0.222222222,2.0,0.125,-8.0,-0.333333333,10.0,0.285714286,3.0,0.09375,7.0,0.28,0,0,0,0,0.09,0.13,0.14,0.11,0.15
2021-05-01,bandung,5,0.5,-0.866025404,0.83,0.0,0.0,42,34,65,56,10,43,48.0,34.0,26.0,14251.57667,3.5,9000,-0.4,1,1,0.0,0,0,0,0,0,0,0.09,0.09,0.29,0.13,0.08,0.1,0.14,-0.03,0.11,0.11,0.02,0.21,0.15,0.56,-0.01,54.0,94.0,68.0,39.0,72.0,44.0,79.0,74.0,80.0,67.0,56.0,36.0,15.0,16.0,12.0,51.0,54.0,57.0,45.0,46.0,41.0,23.0,22.0,18.0,27.0,45.0,35.0,14485.39318,14345.30652,13971.892,3.5,3.5,3.5,9000.0,9000.0,9000.0,-0.5,-0.7,-0.8,0.17,0.138564065,0.278333333,0.16203909,0.176666667,0.126622799,0.223333333,0.145968033,0.116666667,0.136503968,0.108333333,0.091524132,0.203333333,0.243789527,0.163333333,0.238970012,0.366666667,0.205993527,0.735,0.809734524,-12.0,-0.222222222,-5.0,-0.128205128,-14.0,-0.17721519,-11.0,-0.164179104,-5.0,-0.333333333,-8.0,-0.156862745,3.0,0.066666667,11.0,0.47826087,-1.0,-0.037037037,-40.0,-0.425531915,26.0,0.382352941,28.0,0.7,-33.0,-0.458333333,28.0,0.636363636,5.0,0.128205128,5.0,0.067567568,-6.0,-0.075,6.0,0.081081081,11.0,0.196428571,20.0,0.555555556,-10.0,-0.217391304,-1.0,-0.0625,4.0,0.333333333,2.0,0.2,-3.0,-0.055555556,-3.0,-0.052631579,7.0,0.14,-1.0,-0.02173913,5.0,0.12195122,-14.0,-0.254545455,1.0,0.045454545,4.0,0.222222222,2.0,0.125,-18.0,-0.4,10.0,0.285714286,3.0,0.09375,0,0,0,0,0.33,0.32,0.24,0.48,0.39
2021-06-01,bandung,6,1.22e-16,-1.0,-0.45,0.02,0.0,60,35,63,50,10,39,48.0,26.0,33.0,14266.53773,3.5,9000,-0.3,0,0,0.0,1,0,0,0,0,0,0.33,0.09,0.09,0.32,0.13,0.08,0.24,0.14,-0.03,0.48,0.11,0.02,0.39,0.15,0.56,42.0,54.0,94.0,34.0,39.0,72.0,65.0,79.0,74.0,56.0,67.0,56.0,10.0,15.0,16.0,43.0,51.0,54.0,48.0,45.0,46.0,34.0,23.0,22.0,26.0,27.0,45.0,14251.57667,14485.39318,14345.30652,3.5,3.5,3.5,9000.0,9000.0,9000.0,-0.4,-0.5,-0.7,0.083333333,0.250066658,0.166666667,0.204124145,0.096666667,0.241729877,0.121666667,0.167381799,0.173333333,0.057735027,0.123333333,0.087330789,0.126666667,0.3453018,0.07,0.259923066,-0.23,0.87429972,0.168333333,0.794189314,18.0,0.428571429,1.0,0.029411765,-2.0,-0.030769231,-6.0,-0.107142857,0.0,0.0,-4.0,-0.093023256,0.0,0.0,-8.0,-0.235294118,7.0,0.269230769,-12.0,-0.222222222,-40.0,-0.425531915,26.0,0.382352941,-5.0,-0.128205128,-33.0,-0.458333333,28.0,0.636363636,-14.0,-0.17721519,5.0,0.067567568,-6.0,-0.075,-11.0,-0.164179104,11.0,0.196428571,20.0,0.555555556,-5.0,-0.333333333,-1.0,-0.0625,4.0,0.333333333,-8.0,-0.156862745,-3.0,-0.055555556,-3.0,-0.052631579,3.0,0.066666667,-1.0,-0.02173913,5.0,0.12195122,11.0,0.47826087,1.0,0.045454545,4.0,0.222222222,-1.0,-0.037037037,-18.0,-0.4,10.0,0.285714286,0,0,0,0,-0.17,-0.16,0.14,-0.21,-1.23
2021-07-01,bandung,7,-0.5,-0.866025404,0.59,0.0,0.0,28,36,57,35,9,40,28.0,10.0,19.0,14438.63619,3.5,9000,-0.3,0,0,0.0,1,0,0,0,0,0,-0.17,0.33,0.09,-0.16,0.32,0.13,0.14,0.24,0.14,-0.21,0.48,0.11,-1.23,0.39,0.15,60.0,42.0,54.0,35.0,34.0,39.0,63.0,65.0,79.0,50.0,56.0,67.0,10.0,10.0,15.0,39.0,43.0,51.0,48.0,48.0,45.0,26.0,34.0,23.0,33.0,26.0,27.0,14266.53773,14251.57667,14485.39318,3.5,3.5,3.5,9000.0,9000.0,9000.0,-0.3,-0.4,-0.5,0.12,0.259422435,0.138333333,0.180711557,0.08,0.24,0.091666667,0.153155694,0.15,0.085440037,0.111666667,0.089312187,0.106666667,0.348472859,0.11,0.228473193,-0.233333333,0.872142955,5.55e-17,0.635735794,-32.0,-0.51033333323,1.0,0.028571429,-6.0,-0.095238095,-15.0,-0.3,-1.0,-0.1,1.0,0.025641026,-20.0,-0.416666667,-16.0,-0.615384615,-14.0,-0.424242424,18.0,0.428571429,-12.0,-0.222222222,-40.0,-0.425531915,1.0,0.029411765,-5.0,-0.128205128,-33.0,-0.458333333,-2.0,-0.030769231,-14.0,-0.17721519,5.0,0.067567568,-6.0,-0.107142857,-11.0,-0.164179104,11.0,0.196428571,0.0,0.0,-5.0,-0.333333333,-1.0,-0.0625,-4.0,-0.093023256,-8.0,-0.156862745,-3.0,-0.055555556,0.0,0.0,3.0,0.066666667,-1.0,-0.02173913,-8.0,-0.235294118,11.0,0.47826087,1.0,0.045454545,7.0,0.269230769,-1.0,-0.037037037,-18.0,-0.4,0,0,0,0,0.2,0.08,0.07,0.05,0.14
2021-08-01,bandung,8,-0.866025404,-0.5,0.05,0.01,0.0,30,50,50,26,9,43,29.0,9.0,21.0,14325.7135,3.5,9000,-0.4,0,0,0.0,1,0,0,0,0,0,0.2,-0.17,0.33,0.08,-0.16,0.32,0.07,0.14,0.24,0.05,-0.21,0.48,0.14,-1.23,0.39,28.0,60.0,42.0,36.0,35.0,34.0,57.0,63.0,65.0,35.0,50.0,56.0,9.0,10.0,10.0,40.0,39.0,43.0,28.0,48.0,48.0,10.0,26.0,34.0,19.0,33.0,26.0,14438.63619,14266.53773,14251.57667,3.5,3.5,3.5,9000.0,9000.0,9000.0,-0.3,-0.3,-0.4,0.133333333,0.276103845,0.151666667,0.196409436,-0.016666667,0.126622799,0.08,0.15504838,0.14,0.07,0.128333333,0.097860445,-0.046666667,0.142243922,0.078333333,0.224981481,-0.576666667,0.687192355,-0.105,0.687626352,2.0,0.071428571,14.0,0.388888889,-7.0,-0.122807018,-9.0,-0.257142857,0.0,0.0,3.0,0.075,1.0,0.035714286,-1.0,-0.1,2.0,0.105263158,-32.0,-0.51033333323,18.0,0.428571429,-12.0,-0.222222222,1.0,0.028571429,1.0,0.029411765,-5.0,-0.128205128,-6.0,-0.095238095,-2.0,-0.030769231,-14.0,-0.17721519,-15.0,-0.3,-6.0,-0.107142857,-11.0,-0.164179104,-1.0,-0.1,0.0,0.0,-5.0,-0.333333333,1.0,0.025641026,-4.0,-0.093023256,-8.0,-0.156862745,-20.0,-0.416666667,0.0,0.0,3.0,0.066666667,-16.0,-0.615384615,-8.0,-0.235294118,11.0,0.47826087,-14.0,-0.424242424,7.0,0.269230769,-1.0,-0.037037037,0,0,0,0,0.37,0.03,0.21,0.02,-0.64
2021-09-01,bandung,9,-1.0,-1.84e-16,-0.87,0.27,0.08,37,42,66,38,12,36,35.0,14.0,22.0,14185.67227,3.5,9000,-0.6,0,0,0.0,1,0,0,1,0,0,0.37,0.2,-0.17,0.03,0.08,-0.16,0.21,0.07,0.14,0.02,0.05,-0.21,-0.64,0.14,-1.23,30.0,28.0,60.0,50.0,36.0,35.0,50.0,57.0,63.0,26.0,35.0,50.0,9.0,9.0,10.0,43.0,40.0,39.0,29.0,28.0,48.0,9.0,10.0,26.0,21.0,19.0,33.0,14325.7135,14438.63619,14266.53773,3.5,3.5,3.5,9000.0,9000.0,9000.0,-0.4,-0.3,-0.3,0.146666667,0.254230866,0.115,0.228188519,0.023333333,0.060277138,0.06,0.162603813,0.136666667,0.070237692,0.155,0.060909769,0.07,0.06244998,0.098333333,0.224090755,-0.46,0.533291665,-0.345,0.65984089,7.0,0.233333333,-8.0,-0.16,16.0,0.32,12.0,0.461538462,3.0,0.333333333,-7.0,-0.162790698,6.0,0.206896552,5.0,0.555555556,1.0,0.047619048,2.0,0.071428571,-32.0,-0.51033333323,18.0,0.428571429,14.0,0.388888889,1.0,0.028571429,1.0,0.029411765,-7.0,-0.122807018,-6.0,-0.095238095,-2.0,-0.030769231,-9.0,-0.257142857,-15.0,-0.3,-6.0,-0.107142857,0.0,0.0,-1.0,-0.1,0.0,0.0,3.0,0.075,1.0,0.025641026,-4.0,-0.093023256,1.0,0.035714286,-20.0,-0.416666667,0.0,0.0,-1.0,-0.1,-16.0,-0.615384615,-8.0,-0.235294118,2.0,0.105263158,-14.0,-0.424242424,7.0,0.269230769,0,0,0,0,-0.13,-0.04,0.13,0.14,-0.88
2021-10-01,bandung,10,-0.866025404,0.5,0.13,0.01,0.09,29,48,65,40,18,37,43.0,22.0,20.0,14127.4605,3.5,9000,-0.8,0,0,0.0,0,0,0,1,0,0,-0.13,0.37,0.2,-0.04,0.03,0.08,0.13,0.21,0.07,0.14,0.02,0.05,-0.88,-0.64,0.14,37.0,30.0,28.0,42.0,50.0,36.0,66.0,50.0,57.0,38.0,26.0,35.0,12.0,9.0,9.0,36.0,43.0,40.0,35.0,29.0,28.0,14.0,9.0,10.0,22.0,21.0,19.0,14185.67227,14325.7135,14438.63619,3.5,3.5,3.5,9000.0,9000.0,9000.0,-0.6,-0.4,-0.3,0.146666667,0.254230866,0.133333333,0.230188329,0.036666667,0.080208063,0.058333333,0.161792048,0.136666667,0.070237692,0.143333333,0.070332543,0.163333333,0.156311655,0.135,0.243536445,-0.483333333,0.493997301,-0.358333333,0.648549664,-8.0,-0.216216216,6.0,0.142857143,-1.0,-0.015151515,2.0,0.052631579,6.0,0.5,1.0,0.027777778,8.0,0.228571429,8.0,0.571428571,-2.0,-0.090909091,7.0,0.233333333,2.0,0.071428571,-32.0,-0.51033333323,-8.0,-0.16,14.0,0.388888889,1.0,0.028571429,16.0,0.32,-7.0,-0.122807018,-6.0,-0.095238095,12.0,0.461538462,-9.0,-0.257142857,-15.0,-0.3,3.0,0.333333333,0.0,0.0,-1.0,-0.1,-7.0,-0.162790698,3.0,0.075,1.0,0.025641026,6.0,0.206896552,1.0,0.035714286,-20.0,-0.416666667,5.0,0.555555556,-1.0,-0.1,-16.0,-0.615384615,1.0,0.047619048,2.0,0.105263158,-14.0,-0.424242424,0,0,0,0,0.2,0.12,0.07,0.33,0.07
2021-11-01,bandung,11,-0.5,0.866025404,0.34,0.06,0.05,32,56,81,41,32,45,47.0,25.0,23.0,14192.18545,3.5,9000,-0.9,0,0,0.0,0,1,0,1,0,0,0.2,-0.13,0.37,0.12,-0.04,0.03,0.07,0.13,0.21,0.33,0.14,0.02,0.07,-0.88,-0.64,29.0,37.0,30.0,48.0,42.0,50.0,65.0,66.0,50.0,40.0,38.0,26.0,18.0,12.0,9.0,37.0,36.0,43.0,43.0,35.0,29.0,22.0,14.0,9.0,20.0,22.0,21.0,14127.4605,14185.67227,14325.7135,3.5,3.5,3.5,9000.0,9000.0,9000.0,-0.8,-0.6,-0.4,0.153333333,0.263122278,0.143333333,0.241467734,0.15,0.206639783,0.066666667,0.178400299,0.123333333,0.05033223,0.131666667,0.055287129,0.28,0.122882057,0.116666667,0.214817752,0.126666667,1.036162793,-0.225,0.875642621,3.0,0.103448276,8.0,0.166666667,16.0,0.246153846,1.0,0.025,14.0,0.777777778,8.0,0.216216216,4.0,0.093023256,3.0,0.136363636,3.0,0.15,-8.0,-0.216216216,7.0,0.233333333,2.0,0.071428571,6.0,0.142857143,-8.0,-0.16,14.0,0.388888889,-1.0,-0.015151515,16.0,0.32,-7.0,-0.122807018,2.0,0.052631579,12.0,0.461538462,-9.0,-0.257142857,6.0,0.5,3.0,0.333333333,0.0,0.0,1.0,0.027777778,-7.0,-0.162790698,3.0,0.075,8.0,0.228571429,6.0,0.206896552,1.0,0.035714286,8.0,0.571428571,5.0,0.555555556,-1.0,-0.1,-2.0,-0.090909091,1.0,0.047619048,2.0,0.105263158,0,0,0,0,0.39,0.37,0.17,0.37,1.19
2021-12-01,bandung,12,-2.45e-16,1.0,1.43,0.01,0.05,37,80,94,63,24,47,49.0,29.0,24.0,14257.2713,3.5,9000,-0.9,0,0,0.0,0,1,0,1,0,0,0.39,0.2,-0.13,0.37,0.12,-0.04,0.17,0.07,0.13,0.37,0.33,0.14,1.19,0.07,-0.88,32.0,29.0,37.0,56.0,48.0,42.0,81.0,65.0,66.0,41.0,40.0,38.0,32.0,18.0,12.0,45.0,37.0,36.0,47.0,43.0,35.0,25.0,22.0,14.0,23.0,20.0,22.0,14192.18545,14127.4605,14185.67227,3.5,3.5,3.5,9000.0,9000.0,9000.0,-0.9,-0.8,-0.6,0.413333333,0.225905585,0.28,0.26,0.353333333,0.225462488,0.188333333,0.233359522,0.133333333,0.055075705,0.135,0.056480085,0.383333333,0.061101009,0.226666667,0.180296053,1.193333333,1.125003704,0.366666667,1.200027777,5.0,0.15625,24.0,0.428571429,13.0,0.160493827,22.0,0.536585366,-8.0,-0.25,2.0,0.044444444,2.0,0.042553191,4.0,0.16,1.0,0.043478261,3.0,0.103448276,-8.0,-0.216216216,7.0,0.233333333,8.0,0.166666667,6.0,0.142857143,-8.0,-0.16,16.0,0.246153846,-1.0,-0.015151515,16.0,0.32,1.0,0.025,2.0,0.052631579,12.0,0.461538462,14.0,0.777777778,6.0,0.5,3.0,0.333333333,8.0,0.216216216,1.0,0.027777778,-7.0,-0.162790698,4.0,0.093023256,8.0,0.228571429,6.0,0.206896552,3.0,0.136363636,8.0,0.571428571,5.0,0.555555556,3.0,0.15,-2.0,-0.090909091,1.0,0.047619048,0,0,0,0,0.65,0.57,0.16,0.45,2.32
2022-01-01,bandung,1,0.5,0.866025404,0.68,0.63,0.0,33,100,79,41,54,42,51.0,29.0,27.0,14263.56429,3.5,9000,-0.8,0,0,0.0,0,1,0,1,0,0,0.65,0.39,0.2,0.57,0.37,0.12,0.16,0.17,0.07,0.45,0.37,0.33,2.32,1.19,0.07,37.0,32.0,29.0,80.0,56.0,48.0,94.0,81.0,65.0,63.0,41.0,40.0,24.0,32.0,18.0,47.0,45.0,37.0,49.0,47.0,43.0,29.0,25.0,22.0,24.0,23.0,20.0,14257.2713,14192.18545,14127.4605,3.5,3.5,3.5,9000.0,9000.0,9000.0,-0.9,-0.9,-0.8,0.496666667,0.136137186,0.321666667,0.264606626,0.5,0.112694277,0.268333333,0.268433729,0.25,0.147309199,0.193333333,0.120443624,0.4,0.043588989,0.281666667,0.165338038,1.603333333,0.623083729,0.56,1.248663285,-4.0,-0.108108108,20.0,0.25,-15.0,-0.159574468,-22.0,-0.349206349,30.0,1.25,-5.0,-0.106382979,2.0,0.040816327,0.0,0.0,3.0,0.125,5.0,0.15625,3.0,0.103448276,-8.0,-0.216216216,24.0,0.428571429,8.0,0.166666667,6.0,0.142857143,13.0,0.160493827,16.0,0.246153846,-1.0,-0.015151515,22.0,0.536585366,1.0,0.025,2.0,0.052631579,-8.0,-0.25,14.0,0.777777778,6.0,0.5,2.0,0.044444444,8.0,0.216216216,1.0,0.027777778,2.0,0.042553191,4.0,0.093023256,8.0,0.228571429,4.0,0.16,3.0,0.136363636,8.0,0.571428571,1.0,0.043478261,3.0,0.15,-2.0,-0.090909091,0,0,0,0,0.45,0.56,0.42,0.38,1.3
2022-02-01,bandung,2,0.866025404,0.5,-0.64,0.51,0.09,61,69,63,49,34,50,39.0,23.0,29.0,14279.30278,3.5,9000,-0.8,0,0,0.0,0,1,0,1,0,0,0.45,0.65,0.39,0.56,0.57,0.37,0.42,0.16,0.17,0.38,0.45,0.37,1.3,2.32,1.19,33.0,37.0,32.0,100.0,80.0,56.0,79.0,94.0,81.0,41.0,63.0,41.0,54.0,24.0,32.0,42.0,47.0,45.0,51.0,49.0,47.0,29.0,29.0,25.0,27.0,24.0,23.0,14263.56429,14257.2713,14192.18545,3.5,3.5,3.5,9000.0,9000.0,9000.0,-0.8,-0.9,-0.9,0.38,0.310966236,0.266666667,0.285983683,0.37,0.337786915,0.26,0.277920852,0.296666667,0.130511813,0.21,0.129769026,0.336666667,0.140118997,0.308333333,0.121887927,0.706666667,1.977911356,0.416666667,1.447489781,28.0,0.848484848,-31.0,-0.31,-16.0,-0.202531646,8.0,0.195121951,-20.0,-0.37037037,8.0,0.19047619,-12.0,-0.235294118,-6.0,-0.206896552,2.0,0.074074074,-4.0,-0.108108108,5.0,0.15625,3.0,0.103448276,20.0,0.25,24.0,0.428571429,8.0,0.166666667,-15.0,-0.159574468,13.0,0.160493827,16.0,0.246153846,-22.0,-0.349206349,22.0,0.536585366,1.0,0.025,30.0,1.25,-8.0,-0.25,14.0,0.777777778,-5.0,-0.106382979,2.0,0.044444444,8.0,0.216216216,2.0,0.040816327,2.0,0.042553191,4.0,0.093023256,0.0,0.0,4.0,0.16,3.0,0.136363636,3.0,0.125,1.0,0.043478261,3.0,0.15,0,0,0,0,0.04,-0.02,0.31,0.18,-1.5
2022-03-01,bandung,3,1.0,6.12e-17,1.86,0.57,0.18,76,71,66,61,100,49,51.0,38.0,47.0,14276.89591,3.5,9000,-0.9,0,0,0.0,0,0,0,1,0,0,0.04,0.45,0.65,-0.02,0.56,0.57,0.31,0.42,0.16,0.18,0.38,0.45,-1.5,1.3,2.32,61.0,33.0,37.0,69.0,100.0,80.0,63.0,79.0,94.0,49.0,41.0,63.0,34.0,54.0,24.0,50.0,42.0,47.0,39.0,51.0,49.0,23.0,29.0,29.0,29.0,27.0,24.0,14279.30278,14263.56429,14257.2713,3.5,3.5,3.5,9000.0,9000.0,9000.0,-0.8,-0.8,-0.9,0.396666667,0.333216646,0.405,0.25477441,0.206666667,0.310053759,0.28,0.255421221,0.233333333,0.234591844,0.183333333,0.161946493,0.193333333,0.18036999,0.288333333,0.159174956,0.12,1.450930736,0.656666667,1.301517064,15.0,0.245901639,2.0,0.028985507,3.0,0.047619048,12.0,0.244897959,52.72000000000003,1.91276470601,-1.0,-0.02,12.0,0.307692308,15.0,0.652173913,18.0,0.620689655,28.0,0.848484848,-4.0,-0.108108108,5.0,0.15625,-31.0,-0.31,20.0,0.25,24.0,0.428571429,-16.0,-0.202531646,-15.0,-0.159574468,13.0,0.160493827,8.0,0.195121951,-22.0,-0.349206349,22.0,0.536585366,-20.0,-0.37037037,30.0,1.25,-8.0,-0.25,8.0,0.19047619,-5.0,-0.106382979,2.0,0.044444444,-12.0,-0.235294118,2.0,0.040816327,2.0,0.042553191,-6.0,-0.206896552,0.0,0.0,4.0,0.16,2.0,0.074074074,3.0,0.125,1.0,0.043478261,0,0,0,0,0.7,0.08,-0.03,0.02,0.56
2022-04-01,bandung,4,0.866025404,-0.5,2.48,0.08,3.1,49,53,56,59,39,42,74.0,59.0,50.0,14296.89526,3.5,12500,-1.0,1,0,1.0,0,0,0,1,1,0,0.7,0.04,0.45,0.08,-0.02,0.56,-0.03,0.31,0.42,0.02,0.18,0.38,0.56,-1.5,1.3,76.0,61.0,33.0,71.0,69.0,100.0,66.0,63.0,79.0,61.0,49.0,41.0,100.0,34.0,54.0,49.0,50.0,42.0,51.0,39.0,51.0,38.0,23.0,29.0,47.0,29.0,27.0,14276.89591,14279.30278,14263.56429,3.5,3.5,3.5,9000.0,9000.0,9000.0,-0.9,-0.8,-0.8,0.566666667,0.474271371,0.531666667,0.3144148,0.336666667,0.533510387,0.418333333,0.356281724,0.213333333,0.212210587,0.231666667,0.164610652,0.676666667,1.002014637,0.538333333,0.652178401,0.453333333,1.902244289,1.028333333,1.414021452,-27.0,-0.355263158,-18.0,-0.253521127,-10.0,-0.151515152,-2.0,-0.032786885,-51.17,-0.61,-7.0,-0.142857143,20.0,0.38963768129000004,21.0,0.552631579,3.0,0.063829787,15.0,0.245901639,28.0,0.848484848,-4.0,-0.108108108,2.0,0.028985507,-31.0,-0.31,20.0,0.25,3.0,0.047619048,-16.0,-0.202531646,-15.0,-0.159574468,12.0,0.244897959,8.0,0.195121951,-22.0,-0.349206349,52.72000000000003,1.91276470601,-20.0,-0.37037037,30.0,1.25,-1.0,-0.02,8.0,0.19047619,-5.0,-0.106382979,12.0,0.307692308,-12.0,-0.235294118,2.0,0.040816327,15.0,0.652173913,-6.0,-0.206896552,0.0,0.0,18.0,0.620689655,2.0,0.074074074,3.0,0.125,0,0,0,0,0.96,0.95,0.36,1.83,2.3
2022-05-01,bandung,5,0.5,-0.866025404,0.83,0.02,-0.37,26,43,53,39,22,35,78.0,65.0,27.0,14534.96267,3.5,12500,-0.9,0,1,0.0,0,0,0,1,0,0,0.96,0.7,0.04,0.95,0.08,-0.02,0.36,-0.03,0.31,1.83,0.02,0.18,2.3,0.56,-1.5,49.0,76.0,61.0,53.0,71.0,69.0,56.0,66.0,63.0,59.0,61.0,49.0,39.0,100.0,34.0,42.0,49.0,50.0,74.0,51.0,39.0,59.0,38.0,23.0,50.0,47.0,29.0,14296.89526,14276.89591,14279.30278,3.5,3.5,3.5,12500.0,9000.0,9000.0,-1.0,-0.9,-0.8,0.716666667,0.235442845,0.548333333,0.307988095,0.476666667,0.440037877,0.423333333,0.355677757,0.186666667,0.19857828,0.241666667,0.161915616,0.776666667,0.940762102,0.556666667,0.648032921,1.266666667,0.914840605,0.986666667,1.41198678,-23.0,-0.469387755,-10.0,-0.188679245,-3.0,-0.053571429,-20.0,-0.338983051,-17.0,-0.435897436,-7.0,-0.166666667,4.0,0.054054054,6.0,0.101694915,-23.0,-0.46,-27.0,-0.355263158,15.0,0.245901639,28.0,0.848484848,-18.0,-0.253521127,2.0,0.028985507,-31.0,-0.31,-10.0,-0.151515152,3.0,0.047619048,-16.0,-0.202531646,-2.0,-0.032786885,12.0,0.244897959,8.0,0.195121951,-51.17,-0.61,52.72000000000003,1.91276470601,-20.0,-0.37037037,-7.0,-0.142857143,-1.0,-0.02,8.0,0.19047619,20.0,0.38668896353,12.0,0.307692308,-12.0,-0.235294118,21.0,0.552631579,15.0,0.652173913,-6.0,-0.206896552,3.0,0.063829787,18.0,0.620689655,2.0,0.074074074,0,0,0,0,0.49,0.4,0.23,0.48,0.94
2022-06-01,bandung,6,1.22e-16,-1.0,1.86,0.36,0.19,32,66,56,33,17,44,60.0,48.0,32.0,14615.13048,3.5,12500,-0.8,0,0,0.0,1,0,0,1,0,0,0.49,0.96,0.7,0.4,0.95,0.08,0.23,0.36,-0.03,0.48,1.83,0.02,0.94,2.3,0.56,26.0,49.0,76.0,43.0,53.0,71.0,53.0,56.0,66.0,39.0,59.0,61.0,22.0,39.0,100.0,35.0,42.0,49.0,78.0,74.0,51.0,65.0,59.0,38.0,27.0,50.0,47.0,14534.96267,14296.89526,14276.89591,3.5,3.5,3.5,12500.0,12500.0,9000.0,-0.9,-1.0,-0.9,0.636666667,0.280416357,0.516666667,0.305199388,0.653333333,0.277548795,0.43,0.359332715,0.26,0.088881944,0.246666667,0.159331939,0.86,0.846581361,0.526666667,0.658047617,1.916666667,0.852310585,1.018333333,1.449502213,6.0,0.230769231,23.0,0.534883721,3.0,0.056603774,-6.0,-0.153846154,-5.0,-0.227272727,9.0,0.257142857,-18.0,-0.230769231,-17.0,-0.261538462,5.0,0.185185185,-23.0,-0.469387755,-27.0,-0.355263158,15.0,0.245901639,-10.0,-0.188679245,-18.0,-0.253521127,2.0,0.028985507,-3.0,-0.053571429,-10.0,-0.151515152,3.0,0.047619048,-20.0,-0.338983051,-2.0,-0.032786885,12.0,0.244897959,-17.0,-0.435897436,-51.17,-0.61,52.72000000000003,1.91276470601,-7.0,-0.166666667,-7.0,-0.142857143,-1.0,-0.02,4.0,0.054054054,20.0,0.38668896353,12.0,0.307692308,6.0,0.101694915,21.0,0.552631579,15.0,0.652173913,-23.0,-0.46,3.0,0.063829787,18.0,0.620689655,0,0,0,0,0.46,0.61,0.19,0.27,2.51
2022-07-01,bandung,7,-0.5,-0.866025404,1.29,0.7,0.24,23,65,43,28,17,49,61.0,41.0,27.0,14909.45952,3.5,12500,-0.8,0,0,0.0,1,0,0,1,0,0,0.46,0.49,0.96,0.61,0.4,0.95,0.19,0.23,0.36,0.27,0.48,1.83,2.51,0.94,2.3,32.0,26.0,49.0,66.0,43.0,53.0,56.0,53.0,56.0,33.0,39.0,59.0,17.0,22.0,39.0,44.0,35.0,42.0,60.0,78.0,74.0,48.0,65.0,59.0,32.0,27.0,50.0,14615.13048,14534.96267,14296.89526,3.5,3.5,3.5,12500.0,12500.0,12500.0,-0.8,-0.9,-1.0,0.51,0.06244998,0.538333333,0.304132646,0.55,0.130766968,0.443333333,0.366533309,0.233333333,0.045092498,0.223333333,0.137646891,0.64,0.470850295,0.658333333,0.700497442,1.62,0.805791536,1.036666667,1.454464392,-10.0,-0.3125,-1.0,-0.015151515,-13.0,-0.232142857,-5.0,-0.151515152,0.0,0.0,5.0,0.113636364,1.0,0.016666667,-7.0,-0.145833333,-5.0,-0.15625,6.0,0.230769231,-23.0,-0.469387755,-27.0,-0.355263158,23.0,0.534883721,-10.0,-0.188679245,-18.0,-0.253521127,3.0,0.056603774,-3.0,-0.053571429,-10.0,-0.151515152,-6.0,-0.153846154,-20.0,-0.338983051,-2.0,-0.032786885,-5.0,-0.227272727,-17.0,-0.435897436,-51.17,-0.61,9.0,0.257142857,-7.0,-0.166666667,-7.0,-0.142857143,-18.0,-0.230769231,4.0,0.054054054,20.0,0.38668896353,-17.0,-0.261538462,6.0,0.101694915,21.0,0.552631579,5.0,0.185185185,-23.0,-0.46,3.0,0.063829787,0,0,0,0,0.58,0.64,0.28,1.17,1.41
2022-08-01,bandung,8,-0.866025404,-0.5,-1.76,0.48,0.21,23,35,60,37,12,37,49.0,31.0,38.0,14776.38318,3.75,12500,-0.9,0,0,0.0,1,0,0,1,0,1,0.58,0.46,0.49,0.64,0.61,0.4,0.28,0.19,0.23,1.17,0.27,0.48,1.41,2.51,0.94,23.0,32.0,26.0,65.0,66.0,43.0,43.0,56.0,53.0,28.0,33.0,39.0,17.0,17.0,22.0,49.0,44.0,35.0,61.0,60.0,78.0,41.0,48.0,65.0,27.0,32.0,27.0,14909.45952,14615.13048,14534.96267,3.5,3.5,3.5,12500.0,12500.0,12500.0,-0.8,-0.8,-0.9,0.433333333,0.161658075,0.575,0.238138615,0.346666667,0.482320778,0.411666667,0.419018695,0.283333333,0.09504385,0.235,0.148963083,0.59,0.503189825,0.683333333,0.682456348,0.34,2.859318101,0.803333333,1.965366802,0.0,0.0,-30.0,-0.461538462,17.0,0.395348837,9.0,0.321428571,-5.0,-0.294117647,-12.0,-0.244897959,-12.0,-0.196721311,-10.0,-0.243902439,11.0,0.407407407,-10.0,-0.3125,6.0,0.230769231,-23.0,-0.469387755,-1.0,-0.015151515,23.0,0.534883721,-10.0,-0.188679245,-13.0,-0.232142857,3.0,0.056603774,-3.0,-0.053571429,-5.0,-0.151515152,-6.0,-0.153846154,-20.0,-0.338983051,0.0,0.0,-5.0,-0.227272727,-17.0,-0.435897436,5.0,0.113636364,9.0,0.257142857,-7.0,-0.166666667,1.0,0.016666667,-18.0,-0.230769231,4.0,0.054054054,-7.0,-0.145833333,-17.0,-0.261538462,6.0,0.101694915,-5.0,-0.15625,5.0,0.185185185,-23.0,-0.46,0,0,0,0,0.26,-0.21,0.38,0.33,-2.9
2022-09-01,bandung,9,-1.0,-1.84e-16,-0.78,0.08,8.651600000000004,32,45,57,39,11,34,46.0,30.0,100.0,14896.91455,4.25,14500,-1.0,0,0,0.0,1,0,0,1,1,1,0.26,0.58,0.46,-0.21,0.64,0.61,0.38,0.28,0.19,0.33,1.17,0.27,-2.9,1.41,2.51,23.0,23.0,32.0,35.0,65.0,66.0,60.0,43.0,56.0,37.0,28.0,33.0,12.0,17.0,17.0,37.0,49.0,44.0,49.0,61.0,60.0,31.0,41.0,48.0,38.0,27.0,32.0,14776.38318,14909.45952,14615.13048,3.75,3.5,3.5,12500.0,12500.0,12500.0,-0.9,-0.8,-0.8,0.786666667,0.654930022,0.711666667,0.458013828,0.533333333,0.696156113,0.593333333,0.478525513,0.32,0.052915026,0.29,0.073212021,2.56,3.163020708,1.71,2.270585827,-0.76,2.155156607,0.578333333,2.07311762,10.0,0.454545455,10.0,0.285714286,-3.0,-0.05,2.0,0.054054054,-1.0,-0.083333333,-3.0,-0.081081081,-3.0,-0.06122449,-1.0,-0.032258065,51.410000000000025,1.4686363639500002,0.0,0.0,-10.0,-0.3125,6.0,0.230769231,-30.0,-0.461538462,-1.0,-0.015151515,23.0,0.534883721,17.0,0.395348837,-13.0,-0.232142857,3.0,0.056603774,9.0,0.321428571,-5.0,-0.151515152,-6.0,-0.153846154,-5.0,-0.294117647,0.0,0.0,-5.0,-0.227272727,-12.0,-0.244897959,5.0,0.113636364,9.0,0.257142857,-12.0,-0.196721311,1.0,0.016666667,-18.0,-0.230769231,-10.0,-0.243902439,-7.0,-0.145833333,-17.0,-0.261538462,11.0,0.407407407,-5.0,-0.15625,5.0,0.185185185,0,0,0,0,1.52,1.17,0.3,6.18,-0.79
2022-10-01,bandung,10,-0.866025404,0.5,-0.85,0.71,0.26,30,46,59,40,10,35,44.0,32.0,41.0,15340.38905,4.75,14500,-0.9,0,0,0.0,0,0,0,1,0,1,1.52,0.26,0.58,1.17,-0.21,0.64,0.3,0.38,0.28,6.18,0.33,1.17,-0.79,-2.9,1.41,32.0,23.0,23.0,45.0,35.0,65.0,57.0,60.0,43.0,39.0,37.0,28.0,11.0,12.0,17.0,34.0,37.0,49.0,46.0,49.0,61.0,30.0,31.0,41.0,100.0,38.0,27.0,14896.91455,14776.38318,14909.45952,4.25,3.75,3.5,14500.0,12500.0,12500.0,-1.0,-0.9,-0.8,0.616666667,0.788056682,0.563333333,0.503375274,0.283333333,0.769502003,0.416666667,0.514807407,0.28,0.111355287,0.256666667,0.080166493,2.28,3.377499075,1.46,2.336356137,-1.77,1.062967544,-0.075,2.039438648,-2.0,-0.0625,1.0,0.022222222,2.0,0.035087719,1.0,0.025641026,-1.0,-0.090909091,1.0,0.029411765,-2.0,-0.043478261,2.0,0.066666667,-43.24,-0.5,10.0,0.454545455,0.0,0.0,-10.0,-0.3125,10.0,0.285714286,-30.0,-0.461538462,-1.0,-0.015151515,-3.0,-0.05,17.0,0.395348837,-13.0,-0.232142857,2.0,0.054054054,9.0,0.321428571,-5.0,-0.151515152,-1.0,-0.083333333,-5.0,-0.294117647,0.0,0.0,-3.0,-0.081081081,-12.0,-0.244897959,5.0,0.113636364,-3.0,-0.06122449,-12.0,-0.196721311,1.0,0.016666667,-1.0,-0.032258065,-10.0,-0.243902439,-7.0,-0.145833333,37.650000000000034,0.7758312652400006,11.0,0.407407407,-5.0,-0.15625,0,0,0,0,0.07,-0.11,0.16,0.33,-1.62
2022-11-01,bandung,11,-0.5,0.866025404,0.41,0.04,-0.08,33,48,52,46,9,37,48.0,32.0,31.0,15580.43318,5.25,14500,-0.8,0,0,0.0,0,1,0,1,0,1,0.07,1.52,0.26,-0.11,1.17,-0.21,0.16,0.3,0.38,0.33,6.18,0.33,-1.62,-0.79,-2.9,30.0,32.0,23.0,46.0,45.0,35.0,59.0,57.0,60.0,40.0,39.0,37.0,10.0,11.0,12.0,35.0,34.0,37.0,44.0,46.0,49.0,32.0,30.0,31.0,41.0,100.0,38.0,15340.38905,14896.91455,14776.38318,4.75,4.25,3.75,14500.0,14500.0,12500.0,-0.9,-1.0,-0.9,0.63,0.779294553,0.531666667,0.514758843,0.383333333,0.688573404,0.365,0.532080821,0.203333333,0.083864971,0.243333333,0.091360093,2.216666667,3.433661797,1.403333333,2.368777462,-0.876666667,0.70401231,-0.268333333,1.978033535,3.0,0.1,2.0,0.043478261,-7.0,-0.118644068,6.0,0.15,-1.0,-0.1,2.0,0.057142857,4.0,0.090909091,0.0,0.0,-10.0,-0.243902439,-2.0,-0.0625,10.0,0.454545455,0.0,0.0,1.0,0.022222222,10.0,0.285714286,-30.0,-0.461538462,2.0,0.035087719,-3.0,-0.05,17.0,0.395348837,1.0,0.025641026,2.0,0.054054054,9.0,0.321428571,-1.0,-0.090909091,-1.0,-0.083333333,-5.0,-0.294117647,1.0,0.029411765,-3.0,-0.081081081,-12.0,-0.244897959,-2.0,-0.043478261,-3.0,-0.06122449,-12.0,-0.196721311,2.0,0.066666667,-1.0,-0.032258065,-10.0,-0.243902439,-43.24,-0.5,37.650000000000034,0.7758312652400006,11.0,0.407407407,0,0,0,0,0.3,0.09,0.15,0.14,-0.22
2022-12-01,bandung,12,-2.45e-16,1.0,0.74,6.83,0.21,32,45,52,56,7,34,53.0,46.0,28.0,15536.92591,5.5,14500,-0.7,0,0,0.0,0,1,0,1,0,1,0.3,0.07,1.52,0.09,-0.11,1.17,0.15,0.16,0.3,0.14,0.33,6.18,-0.22,-1.62,-0.79,33.0,30.0,32.0,48.0,46.0,45.0,52.0,59.0,57.0,46.0,40.0,39.0,9.0,10.0,11.0,37.0,35.0,34.0,48.0,44.0,46.0,32.0,32.0,30.0,31.0,41.0,100.0,15580.43318,15340.38905,14896.91455,5.25,4.75,4.25,14500.0,14500.0,14500.0,-0.8,-0.9,-1.0,0.316666667,0.25540817,0.551666667,0.513747668,0.213333333,0.399541404,0.373333333,0.537053691,0.176666667,0.037859389,0.248333333,0.08863784,0.4,0.301164407,1.48,2.331917666,0.133333333,1.954106787,-0.313333333,1.903866242,-1.0,-0.03030303,-3.0,-0.0625,0.0,0.0,10.0,0.217391304,-2.0,-0.222222222,-3.0,-0.081081081,5.0,0.104166667,14.0,0.4375,-3.0,-0.096774194,3.0,0.1,-2.0,-0.0625,10.0,0.454545455,2.0,0.043478261,1.0,0.022222222,10.0,0.285714286,-7.0,-0.118644068,2.0,0.035087719,-3.0,-0.05,6.0,0.15,1.0,0.025641026,2.0,0.054054054,-1.0,-0.1,-1.0,-0.090909091,-1.0,-0.083333333,2.0,0.057142857,1.0,0.029411765,-3.0,-0.081081081,4.0,0.090909091,-2.0,-0.043478261,-3.0,-0.06122449,0.0,0.0,2.0,0.066666667,-1.0,-0.032258065,-10.0,-0.243902439,-43.24,-0.5,37.650000000000034,0.7758312652400006,0,0,0,0,0.58,0.66,0.22,0.73,2.24
2023-01-01,bandung,1,0.5,0.866025404,0.87,0.34,-0.71,34,51,44,30,9,43,56.0,44.0,37.0,15218.7619,5.75,12800,-0.5,0,0,0.0,0,1,0,1,0,1,0.58,0.3,0.07,0.66,0.09,-0.11,0.22,0.15,0.16,0.73,0.14,0.33,2.24,-0.22,-1.62,32.0,33.0,30.0,45.0,48.0,46.0,52.0,52.0,59.0,56.0,46.0,40.0,7.0,9.0,10.0,34.0,37.0,35.0,53.0,48.0,44.0,46.0,32.0,32.0,28.0,31.0,41.0,15536.92591,15580.43318,15340.38905,5.5,5.25,4.75,14500.0,14500.0,14500.0,-0.7,-0.8,-0.9,0.433333333,0.140475383,0.525,0.516129829,0.363333333,0.285715476,0.323333333,0.520986244,0.233333333,0.090737717,0.256666667,0.094375138,0.106666667,0.640650711,1.193333333,2.478746995,1.14,1.250439923,-0.315,1.90205941,2.0,0.0625,6.0,0.133333333,-8.0,-0.153846154,-26.0,-0.464285714,2.0,0.285714286,9.0,0.264705882,3.0,0.056603774,-2.0,-0.043478261,9.0,0.321428571,-1.0,-0.03030303,3.0,0.1,-2.0,-0.0625,-3.0,-0.0625,2.0,0.043478261,1.0,0.022222222,0.0,0.0,-7.0,-0.118644068,2.0,0.035087719,10.0,0.217391304,6.0,0.15,1.0,0.025641026,-2.0,-0.222222222,-1.0,-0.1,-1.0,-0.090909091,-3.0,-0.081081081,2.0,0.057142857,1.0,0.029411765,5.0,0.104166667,4.0,0.090909091,-2.0,-0.043478261,14.0,0.4375,0.0,0.0,2.0,0.066666667,-3.0,-0.096774194,-10.0,-0.243902439,-43.24,-0.5,0,0,0,0,0.42,0.34,0.33,-0.55,1.4
2023-02-01,bandung,2,0.866025404,0.5,0.89,0.03,-0.01,55,48,48,43,14,48,48.0,34.0,28.0,15050.3705,5.75,12800,-0.3,0,0,0.0,0,1,0,0,0,0,0.42,0.58,0.3,0.34,0.66,0.09,0.33,0.22,0.15,-0.55,0.73,0.14,1.4,2.24,-0.22,34.0,32.0,33.0,51.0,45.0,48.0,44.0,52.0,52.0,30.0,56.0,46.0,9.0,7.0,9.0,43.0,34.0,37.0,56.0,53.0,48.0,44.0,46.0,32.0,37.0,28.0,31.0,15218.7619,15536.92591,15580.43318,5.75,5.5,5.25,12800.0,14500.0,14500.0,-0.5,-0.7,-0.8,0.366666667,0.244404037,0.498333333,0.536299046,0.386666667,0.253245599,0.385,0.464015086,0.226666667,0.100166528,0.215,0.08360622,0.106666667,0.640650711,1.161666667,2.49315396,1.306666667,0.983327684,0.215,1.419545702,21.0,0.617647059,-3.0,-0.058823529,4.0,0.090909091,13.0,0.433333333,5.0,0.555555556,5.0,0.11627907,-8.0,-0.142857143,-10.0,-0.227272727,-9.0,-0.243243243,2.0,0.0625,-1.0,-0.03030303,3.0,0.1,6.0,0.133333333,-3.0,-0.0625,2.0,0.043478261,-8.0,-0.153846154,0.0,0.0,-7.0,-0.118644068,-26.0,-0.464285714,10.0,0.217391304,6.0,0.15,2.0,0.285714286,-2.0,-0.222222222,-1.0,-0.1,9.0,0.264705882,-3.0,-0.081081081,2.0,0.057142857,3.0,0.056603774,5.0,0.104166667,4.0,0.090909091,-2.0,-0.043478261,14.0,0.4375,0.0,0.0,9.0,0.321428571,-3.0,-0.096774194,-10.0,-0.243902439,0,0,0,0,0.1,0.16,0.13,0.14,0.28
2023-03-01,bandung,3,1.0,6.12e-17,0.57,-6.36,0.34,58,49,55,63,12,51,54.0,45.0,28.0,15224.21095,5.75,12800,0.0,1,0,1.0,0,0,0,0,0,0,0.1,0.42,0.58,0.16,0.34,0.66,0.13,0.33,0.22,0.14,-0.55,0.73,0.28,1.4,2.24,55.0,34.0,32.0,48.0,51.0,45.0,48.0,44.0,52.0,43.0,30.0,56.0,14.0,9.0,7.0,48.0,43.0,34.0,48.0,56.0,53.0,34.0,44.0,46.0,28.0,37.0,28.0,15050.3705,15218.7619,15536.92591,5.75,5.75,5.5,12800.0,12800.0,14500.0,-0.3,-0.5,-0.7,0.303333333,0.176729549,0.31,0.196570598,0.226666667,0.098657657,0.22,0.260384331,0.206666667,0.107857931,0.191666667,0.074139508,-0.096666667,0.392725519,0.151666667,0.414700695,0.656666667,0.643764967,0.395,1.332422606,3.0,0.054545455,1.0,0.020833333,7.0,0.145833333,20.0,0.465116279,-2.0,-0.142857143,3.0,0.0625,6.0,0.125,11.0,0.323529412,0.0,0.0,21.0,0.617647059,2.0,0.0625,-1.0,-0.03030303,-3.0,-0.058823529,6.0,0.133333333,-3.0,-0.0625,4.0,0.090909091,-8.0,-0.153846154,0.0,0.0,13.0,0.433333333,-26.0,-0.464285714,10.0,0.217391304,5.0,0.555555556,2.0,0.285714286,-2.0,-0.222222222,5.0,0.11627907,9.0,0.264705882,-3.0,-0.081081081,-8.0,-0.142857143,3.0,0.056603774,5.0,0.104166667,-10.0,-0.227272727,-2.0,-0.043478261,14.0,0.4375,-9.0,-0.243243243,9.0,0.321428571,-3.0,-0.096774194,0,0,0,0,0.39,0.18,0.16,0.12,0.29
2023-04-01,bandung,4,0.866025404,-0.5,0.56,0.25,0.32,41,43,41,48,8,37,64.0,57.0,24.0,14792.38071,5.75,12800,0.3,1,1,0.0,0,0,0,0,0,0,0.39,0.1,0.42,0.18,0.16,0.34,0.16,0.13,0.33,0.12,0.14,-0.55,0.29,0.28,1.4,58.0,55.0,34.0,49.0,48.0,51.0,55.0,48.0,44.0,63.0,43.0,30.0,12.0,14.0,9.0,51.0,48.0,43.0,54.0,48.0,56.0,45.0,34.0,44.0,28.0,28.0,37.0,15224.21095,15050.3705,15218.7619,5.75,5.75,5.75,12800.0,12800.0,12800.0,0.0,-0.3,-0.5,0.276666667,0.155026879,0.355,0.157702251,0.223333333,0.092915732,0.293333333,0.204906483,0.18,0.06244998,0.206666667,0.075542483,0.316666667,0.323470761,0.211666667,0.46824851,0.286666667,0.005773503,0.713333333,0.918643928,-17.0,-0.293103448,-6.0,-0.12244898,-14.0,-0.254545455,-15.0,-0.238095238,-4.0,-0.333333333,-14.0,-0.274509804,10.0,0.185185185,12.0,0.266666667,-4.0,-0.142857143,3.0,0.054545455,21.0,0.617647059,2.0,0.0625,1.0,0.020833333,-3.0,-0.058823529,6.0,0.133333333,7.0,0.145833333,4.0,0.090909091,-8.0,-0.153846154,20.0,0.465116279,13.0,0.433333333,-26.0,-0.464285714,-2.0,-0.142857143,5.0,0.555555556,2.0,0.285714286,3.0,0.0625,5.0,0.11627907,9.0,0.264705882,6.0,0.125,-8.0,-0.142857143,3.0,0.056603774,11.0,0.323529412,-10.0,-0.227272727,-2.0,-0.043478261,0.0,0.0,-9.0,-0.243243243,9.0,0.321428571,0,0,0,0,0.34,0.33,0.25,0.69,0.29
2023-05-01,bandung,5,0.5,-0.866025404,0.37,0.0,-0.14,35,46,55,40,7,37,63.0,46.0,25.0,14736.80333,5.75,12800,0.6,0,0,0.0,0,0,1,0,0,0,0.34,0.39,0.1,0.33,0.18,0.16,0.25,0.16,0.13,0.69,0.12,0.14,0.29,0.29,0.28,41.0,58.0,55.0,43.0,49.0,48.0,41.0,55.0,48.0,48.0,63.0,43.0,8.0,12.0,14.0,37.0,51.0,48.0,64.0,54.0,48.0,57.0,45.0,34.0,24.0,28.0,28.0,14792.38071,15224.21095,15050.3705,5.75,5.75,5.75,12800.0,12800.0,12800.0,0.3,0.0,-0.3,0.29,0.132287566,0.328333333,0.180711557,0.2,0.121243557,0.293333333,0.204906483,0.156666667,0.09504385,0.191666667,0.095376447,0.186666667,0.473532822,0.146666667,0.505753563,0.356666667,0.115470054,0.831666667,0.814160099,-6.0,-0.146341463,3.0,0.069767442,14.0,0.341463415,-8.0,-0.166666667,-1.0,-0.125,0.0,0.0,-1.0,-0.015625,-11.0,-0.192982456,1.0,0.041666667,-17.0,-0.293103448,3.0,0.054545455,21.0,0.617647059,-6.0,-0.12244898,1.0,0.020833333,-3.0,-0.058823529,-14.0,-0.254545455,7.0,0.145833333,4.0,0.090909091,-15.0,-0.238095238,20.0,0.465116279,13.0,0.433333333,-4.0,-0.333333333,-2.0,-0.142857143,5.0,0.555555556,-14.0,-0.274509804,3.0,0.0625,5.0,0.11627907,10.0,0.185185185,6.0,0.125,-8.0,-0.142857143,12.0,0.266666667,11.0,0.323529412,-10.0,-0.227272727,-4.0,-0.142857143,0.0,0.0,-9.0,-0.243243243,0,0,0,0,0.14,0.09,0.06,-0.25,0.49
2023-06-01,bandung,6,1.22e-16,-1.0,0.59,0.1,-0.57,32,35,42,42,6,35,59.0,51.0,30.0,14857.34059,5.75,12400,0.8,0,0,0.0,1,0,1,0,0,0,0.14,0.34,0.39,0.09,0.33,0.18,0.06,0.25,0.16,-0.25,0.69,0.12,0.49,0.29,0.29,35.0,41.0,58.0,46.0,43.0,49.0,55.0,41.0,55.0,40.0,48.0,63.0,7.0,8.0,12.0,37.0,37.0,51.0,63.0,64.0,54.0,46.0,57.0,45.0,25.0,24.0,28.0,14736.80333,14792.38071,15224.21095,5.75,5.75,5.75,12800.0,12800.0,12800.0,0.6,0.3,0.0,0.2,0.121655251,0.251666667,0.147026075,0.186666667,0.126622799,0.206666667,0.103858879,0.143333333,0.097125349,0.175,0.098132563,0.14,0.49,0.021666667,0.417775857,0.406666667,0.1040833,0.531666667,0.434576422,-3.0,-0.085714286,-11.0,-0.239130435,-13.0,-0.236363636,2.0,0.05,-1.0,-0.142857143,-2.0,-0.054054054,-4.0,-0.063492063,5.0,0.108695652,5.0,0.2,-6.0,-0.146341463,-17.0,-0.293103448,3.0,0.054545455,3.0,0.069767442,-6.0,-0.12244898,1.0,0.020833333,14.0,0.341463415,-14.0,-0.254545455,7.0,0.145833333,-8.0,-0.166666667,-15.0,-0.238095238,20.0,0.465116279,-1.0,-0.125,-4.0,-0.333333333,-2.0,-0.142857143,0.0,0.0,-14.0,-0.274509804,3.0,0.0625,-1.0,-0.015625,10.0,0.185185185,6.0,0.125,-11.0,-0.192982456,12.0,0.266666667,11.0,0.323529412,1.0,0.041666667,-4.0,-0.142857143,0.0,0.0,0,0,0,0,0.12,0.14,0.12,-0.02,0.44
2023-07-01,bandung,7,-0.5,-0.866025404,0.78,-0.16,0.26,23,37,36,38,6,33,54.0,45.0,23.0,14964.5515,5.75,12400,1.1,0,0,0.0,1,0,1,0,0,0,0.12,0.14,0.34,0.14,0.09,0.33,0.12,0.06,0.25,-0.02,-0.25,0.69,0.44,0.49,0.29,32.0,35.0,41.0,35.0,46.0,43.0,42.0,55.0,41.0,42.0,40.0,48.0,6.0,7.0,8.0,35.0,37.0,37.0,59.0,63.0,64.0,51.0,46.0,57.0,30.0,25.0,24.0,14857.34059,14736.80333,14792.38071,5.75,5.75,5.75,12400.0,12800.0,12800.0,0.8,0.6,0.3,0.136666667,0.015275252,0.206666667,0.124846573,0.146666667,0.060277138,0.185,0.081670068,0.103333333,0.037859389,0.141666667,0.062423286,0.056666667,0.351330803,0.186666667,0.33392614,0.366666667,0.172143351,0.326666667,0.117416637,-9.0,-0.28125,2.0,0.057142857,-6.0,-0.142857143,-4.0,-0.095238095,0.0,0.0,-2.0,-0.057142857,-5.0,-0.084745763,-6.0,-0.117647059,-7.0,-0.233333333,-3.0,-0.085714286,-6.0,-0.146341463,-17.0,-0.293103448,-11.0,-0.239130435,3.0,0.069767442,-6.0,-0.12244898,-13.0,-0.236363636,14.0,0.341463415,-14.0,-0.254545455,2.0,0.05,-8.0,-0.166666667,-15.0,-0.238095238,-1.0,-0.142857143,-1.0,-0.125,-4.0,-0.333333333,-2.0,-0.054054054,0.0,0.0,-14.0,-0.274509804,-4.0,-0.063492063,-1.0,-0.015625,10.0,0.185185185,5.0,0.108695652,-11.0,-0.192982456,12.0,0.266666667,5.0,0.2,1.0,0.041666667,-4.0,-0.142857143,0,0,0,0,0.15,0.21,0.13,0.44,0.17
2023-08-01,bandung,8,-0.866025404,-0.5,-0.06,-0.12,0.07,32,32,42,35,7,34,45.0,35.0,21.0,15168.91136,5.75,12400,1.4,0,0,0.0,1,0,1,0,0,0,0.15,0.12,0.14,0.21,0.14,0.09,0.13,0.12,0.06,0.44,-0.02,-0.25,0.17,0.44,0.49,23.0,32.0,35.0,37.0,35.0,46.0,36.0,42.0,55.0,38.0,42.0,40.0,6.0,6.0,7.0,33.0,35.0,37.0,54.0,59.0,63.0,45.0,51.0,46.0,23.0,30.0,25.0,14964.5515,14857.34059,14736.80333,5.75,5.75,5.75,12400.0,12400.0,12800.0,1.1,0.8,0.6,0.136666667,0.015275252,0.213333333,0.118939761,0.11,0.117898261,0.155,0.117770964,0.126666667,0.005773503,0.141666667,0.062423286,0.133333333,0.265581124,0.16,0.344615728,0.033333333,0.489523578,0.195,0.364074168,9.0,0.391304348,-5.0,-0.135135135,6.0,0.166666667,-3.0,-0.078947368,1.0,0.166666667,1.0,0.03030303,-9.0,-0.166666667,-10.0,-0.222222222,-2.0,-0.086956522,-9.0,-0.28125,-3.0,-0.085714286,-6.0,-0.146341463,2.0,0.057142857,-11.0,-0.239130435,3.0,0.069767442,-6.0,-0.142857143,-13.0,-0.236363636,14.0,0.341463415,-4.0,-0.095238095,2.0,0.05,-8.0,-0.166666667,0.0,0.0,-1.0,-0.142857143,-1.0,-0.125,-2.0,-0.057142857,-2.0,-0.054054054,0.0,0.0,-5.0,-0.084745763,-4.0,-0.063492063,-1.0,-0.015625,-6.0,-0.117647059,5.0,0.108695652,-11.0,-0.192982456,-7.0,-0.233333333,5.0,0.2,1.0,0.041666667,0,0,0,0,0.14,-0.02,0.13,-0.02,-0.51
2023-09-01,bandung,9,-1.0,-1.84e-16,0.06,-0.03,0.6,48,31,48,34,6,37,43.0,46.0,25.0,15277.4295,5.75,13300,1.6,0,0,0.0,1,0,1,0,1,0,0.14,0.15,0.12,-0.02,0.21,0.14,0.13,0.13,0.12,-0.02,0.44,-0.02,-0.51,0.17,0.44,32.0,23.0,32.0,32.0,37.0,35.0,42.0,36.0,42.0,35.0,38.0,42.0,7.0,6.0,6.0,34.0,33.0,35.0,45.0,54.0,59.0,35.0,45.0,51.0,21.0,23.0,30.0,15168.91136,14964.5515,14857.34059,5.75,5.75,5.75,12400.0,12400.0,12400.0,1.4,1.1,0.8,0.216666667,0.124230968,0.208333333,0.110347935,0.126666667,0.127410099,0.156666667,0.118265239,0.126666667,0.005773503,0.135,0.062209324,0.216666667,0.230289673,0.178333333,0.344987922,0.01,0.461302504,0.208333333,0.369671025,16.0,0.5,-1.0,-0.03125,6.0,0.142857143,-1.0,-0.028571429,-1.0,-0.142857143,3.0,0.088235294,-2.0,-0.044444444,11.0,0.314285714,4.0,0.19047619,9.0,0.391304348,-9.0,-0.28125,-3.0,-0.085714286,-5.0,-0.135135135,2.0,0.057142857,-11.0,-0.239130435,6.0,0.166666667,-6.0,-0.142857143,-13.0,-0.236363636,-3.0,-0.078947368,-4.0,-0.095238095,2.0,0.05,1.0,0.166666667,0.0,0.0,-1.0,-0.142857143,1.0,0.03030303,-2.0,-0.057142857,-2.0,-0.054054054,-9.0,-0.166666667,-5.0,-0.084745763,-4.0,-0.063492063,-10.0,-0.222222222,-6.0,-0.117647059,5.0,0.108695652,-2.0,-0.086956522,-7.0,-0.233333333,5.0,0.2,0,0,0,0,0.36,0.19,0.12,0.23,0.37
2023-10-01,bandung,10,-0.866025404,0.5,-0.19,0.07,0.55,42,34,43,24,6,33,47.0,49.0,27.0,15662.52182,6.0,14000,1.8,0,0,0.0,0,0,1,0,1,1,0.36,0.14,0.15,0.19,-0.02,0.21,0.12,0.13,0.13,0.23,-0.02,0.44,0.37,-0.51,0.17,48.0,32.0,23.0,31.0,32.0,37.0,48.0,42.0,36.0,34.0,35.0,38.0,6.0,7.0,6.0,37.0,34.0,33.0,43.0,45.0,54.0,46.0,35.0,45.0,25.0,21.0,23.0,15277.4295,15168.91136,14964.5515,5.75,5.75,5.75,13300.0,12400.0,12400.0,1.6,1.4,1.1,0.256666667,0.1106044,0.196666667,0.096471066,0.113333333,0.115902258,0.13,0.084616783,0.11,0.026457513,0.106666667,0.029439203,0.223333333,0.240069434,0.14,0.28418304,0.023333333,0.468757222,0.195,0.367573122,-6.0,-0.125,3.0,0.096774194,-5.0,-0.104166667,-10.0,-0.294117647,0.0,0.0,-4.0,-0.108108108,4.0,0.093023256,3.0,0.065217391,2.0,0.08,16.0,0.5,9.0,0.391304348,-9.0,-0.28125,-1.0,-0.03125,-5.0,-0.135135135,2.0,0.057142857,6.0,0.142857143,6.0,0.166666667,-6.0,-0.142857143,-1.0,-0.028571429,-3.0,-0.078947368,-4.0,-0.095238095,-1.0,-0.142857143,1.0,0.166666667,0.0,0.0,3.0,0.088235294,1.0,0.03030303,-2.0,-0.057142857,-2.0,-0.044444444,-9.0,-0.166666667,-5.0,-0.084745763,11.0,0.314285714,-10.0,-0.222222222,-6.0,-0.117647059,4.0,0.19047619,-2.0,-0.086956522,-7.0,-0.233333333,0,0,0,0,0.27,0.17,0.08,0.46,0.21
2023-11-01,bandung,11,-0.5,0.866025404,0.81,-0.01,-0.39,34,51,47,30,6,33,48.0,48.0,25.0,15539.32045,6.0,13400,2.0,0,0,0.0,0,1,1,0,0,0,0.27,0.36,0.14,0.17,0.19,-0.02,0.08,0.12,0.13,0.46,0.23,-0.02,0.21,0.37,-0.51,42.0,48.0,32.0,34.0,31.0,32.0,43.0,48.0,42.0,24.0,34.0,35.0,6.0,6.0,7.0,33.0,37.0,34.0,47.0,43.0,45.0,49.0,46.0,35.0,27.0,25.0,21.0,15662.52182,15277.4295,15168.91136,6.0,5.75,5.75,14000.0,13300.0,12400.0,1.8,1.6,1.4,0.296666667,0.055075705,0.216666667,0.094798031,0.246666667,0.115902258,0.178333333,0.128594971,0.106666667,0.023094011,0.116666667,0.018618987,0.256666667,0.191398363,0.195,0.217784297,0.766666667,0.829477747,0.4,0.729657454,-8.0,-0.19047619,17.0,0.5,4.0,0.093023256,6.0,0.25,0.0,0.0,0.0,0.0,1.0,0.021276596,-1.0,-0.020408163,-2.0,-0.074074074,-6.0,-0.125,16.0,0.5,9.0,0.391304348,3.0,0.096774194,-1.0,-0.03125,-5.0,-0.135135135,-5.0,-0.104166667,6.0,0.142857143,6.0,0.166666667,-10.0,-0.294117647,-1.0,-0.028571429,-3.0,-0.078947368,0.0,0.0,-1.0,-0.142857143,1.0,0.166666667,-4.0,-0.108108108,3.0,0.088235294,1.0,0.03030303,4.0,0.093023256,-2.0,-0.044444444,-9.0,-0.166666667,3.0,0.065217391,11.0,0.314285714,-10.0,-0.222222222,2.0,0.08,4.0,0.19047619,-2.0,-0.086956522,0,0,0,0,0.26,0.38,0.12,0.08,1.72
2023-12-01,bandung,12,-2.45e-16,1.0,1.04,-0.04,0.11,34,54,34,48,6,30,55.0,54.0,26.0,15435.80105,6.0,13350,2.1,0,0,0.0,0,1,1,0,0,0,0.26,0.27,0.36,0.38,0.17,0.19,0.12,0.08,0.12,0.08,0.46,0.23,1.72,0.21,0.37,34.0,42.0,48.0,51.0,34.0,31.0,47.0,43.0,48.0,30.0,24.0,34.0,6.0,6.0,6.0,33.0,33.0,37.0,48.0,47.0,43.0,48.0,49.0,46.0,25.0,27.0,25.0,15539.32045,15662.52182,15277.4295,6.0,6.0,5.75,13400.0,14000.0,13300.0,2.0,1.8,1.6,0.28,0.026457513,0.248333333,0.087502381,0.32,0.130766968,0.223333333,0.156673759,0.113333333,0.030550505,0.12,0.020976177,0.31,0.202237484,0.263333333,0.200466123,1.116666667,0.799395605,0.563333333,0.841514508,0.0,0.0,3.0,0.058823529,-13.0,-0.276595745,18.0,0.6,0.0,0.0,-3.0,-0.090909091,7.0,0.145833333,6.0,0.125,1.0,0.04,-8.0,-0.19047619,-6.0,-0.125,16.0,0.5,17.0,0.5,3.0,0.096774194,-1.0,-0.03125,4.0,0.093023256,-5.0,-0.104166667,6.0,0.142857143,6.0,0.25,-10.0,-0.294117647,-1.0,-0.028571429,0.0,0.0,0.0,0.0,-1.0,-0.142857143,0.0,0.0,-4.0,-0.108108108,3.0,0.088235294,1.0,0.021276596,4.0,0.093023256,-2.0,-0.044444444,-1.0,-0.020408163,3.0,0.065217391,11.0,0.314285714,-2.0,-0.074074074,2.0,0.08,4.0,0.19047619,0,0,0,0,0.31,0.41,0.14,0.39,1.42
2024-01-01,bandung,1,0.5,0.866025404,-10.635,-6.680499999999999,-6.85,36,44,37,26,6,34,50.0,39.0,27.0,15532.765,6.0,12950,1.9,0,0,0.0,0,1,1,0,0,0,0.31,0.26,0.27,0.41,0.38,0.17,0.14,0.12,0.08,0.39,0.08,0.46,1.42,1.72,0.21,34.0,34.0,42.0,54.0,51.0,34.0,34.0,47.0,43.0,48.0,30.0,24.0,6.0,6.0,6.0,30.0,33.0,33.0,55.0,48.0,47.0,54.0,48.0,49.0,26.0,25.0,27.0,15435.80105,15539.32045,15662.52182,6.0,6.0,6.0,13350.0,13400.0,14000.0,2.1,2.0,1.8,-3.416666667,6.41152348,-1.58,4.527246404,0.276666667,0.205507502,0.195,0.173982758,0.153333333,0.04163332,0.131666667,0.03920034,-0.003333333,0.440945953,0.11,0.340939877,1.05,0.913071739,0.536666667,0.85882866,2.0,0.058823529,-10.0,-0.185185185,3.0,0.088235294,-22.0,-0.458333333,0.0,0.0,4.0,0.133333333,-5.0,-0.090909091,-15.0,-0.277777778,1.0,0.038461538,0.0,0.0,-8.0,-0.19047619,-6.0,-0.125,3.0,0.058823529,17.0,0.5,3.0,0.096774194,-13.0,-0.276595745,4.0,0.093023256,-5.0,-0.104166667,18.0,0.6,6.0,0.25,-10.0,-0.294117647,0.0,0.0,0.0,0.0,0.0,0.0,-3.0,-0.090909091,0.0,0.0,-4.0,-0.108108108,7.0,0.145833333,1.0,0.021276596,4.0,0.093023256,6.0,0.125,-1.0,-0.020408163,3.0,0.065217391,1.0,0.04,-2.0,-0.074074074,2.0,0.08,0,0,0,0,-10.82,0.04,0.2,-0.48,0.01
2024-02-01,bandung,2,0.866025404,0.5,1.09,-0.03,-0.02,100,40,38,34,7,33,42.0,37.0,22.0,15587.00889,6.0,12950,1.6,0,0,0.0,0,1,1,0,0,0,-10.82,0.31,0.26,0.04,0.41,0.38,0.2,0.14,0.12,-0.48,0.39,0.08,0.01,1.42,1.72,36.0,34.0,34.0,44.0,54.0,51.0,37.0,34.0,47.0,26.0,48.0,30.0,6.0,6.0,6.0,34.0,30.0,33.0,50.0,55.0,48.0,39.0,54.0,48.0,27.0,26.0,25.0,15532.765,15435.80105,15539.32045,6.0,6.0,6.0,12950.0,13350.0,13400.0,1.9,2.1,2.0,-3.353333333,6.46670189,-1.528333333,4.552500046,0.273333333,0.203059925,0.26,0.148593405,0.16,0.034641016,0.133333333,0.039327683,0.02,0.449332839,0.138333333,0.334987562,0.986666667,0.847604468,0.876666667,0.759675369,44.24000000000001,0.9718867927000006,-4.0,-0.090909091,1.0,0.027027027,8.0,0.307692308,1.0,0.166666667,-1.0,-0.029411765,-8.0,-0.16,-2.0,-0.051282051,-5.0,-0.185185185,2.0,0.058823529,0.0,0.0,-8.0,-0.19047619,-10.0,-0.185185185,3.0,0.058823529,17.0,0.5,3.0,0.088235294,-13.0,-0.276595745,4.0,0.093023256,-22.0,-0.458333333,18.0,0.6,6.0,0.25,0.0,0.0,0.0,0.0,0.0,0.0,4.0,0.133333333,-3.0,-0.090909091,0.0,0.0,-5.0,-0.090909091,7.0,0.145833333,1.0,0.021276596,-15.0,-0.277777778,6.0,0.125,-1.0,-0.020408163,1.0,0.038461538,1.0,0.04,-2.0,-0.074074074,0,0,0,0,0.45,0.37,0.14,0.15,1.53
2024-03-01,bandung,3,1.0,6.12e-17,1.37,0.03,0.0,74,40,40,46,7,32,46.0,32.0,23.0,15624.09833,6.0,12950,1.3,1,0,1.0,0,0,1,0,0,0,0.45,-10.82,0.31,0.37,0.04,0.41,0.14,0.2,0.14,0.15,-0.48,0.39,1.53,0.01,1.42,100.0,36.0,34.0,40.0,44.0,54.0,38.0,37.0,34.0,34.0,26.0,48.0,7.0,6.0,6.0,33.0,34.0,30.0,42.0,50.0,55.0,37.0,39.0,54.0,22.0,27.0,26.0,15587.00889,15532.765,15435.80105,6.0,6.0,6.0,12950.0,12950.0,13350.0,1.6,1.9,2.1,-3.256666667,6.550468177,-1.488333333,4.573416301,0.31,0.245560583,0.315,0.176039768,0.19,0.045825757,0.151666667,0.054558837,-0.083333333,0.3453018,0.113333333,0.332365261,1.233333333,1.10527523,1.175,0.865072251,-26.0,-0.26,0.0,0.0,2.0,0.052631579,12.0,0.352941176,0.0,0.0,-1.0,-0.03030303,4.0,0.095238095,-5.0,-0.135135135,1.0,0.045454545,47.93000000000001,1.2202092416800003,2.0,0.058823529,0.0,0.0,-4.0,-0.090909091,-10.0,-0.185185185,3.0,0.058823529,1.0,0.027027027,3.0,0.088235294,-13.0,-0.276595745,8.0,0.307692308,-22.0,-0.458333333,18.0,0.6,1.0,0.166666667,0.0,0.0,0.0,0.0,-1.0,-0.029411765,4.0,0.133333333,-3.0,-0.090909091,-8.0,-0.16,-5.0,-0.090909091,7.0,0.145833333,-2.0,-0.051282051,-15.0,-0.277777778,6.0,0.125,-5.0,-0.185185185,1.0,0.038461538,1.0,0.04,0,0,0,0,0.6,0.52,0.23,0.08,2.16
2024-04-01,bandung,4,0.866025404,-0.5,-0.13,-0.01,0.58,40,24,28,39,5,32,51.0,37.0,20.0,16019.5,6.25,12950,0.8,1,1,0.0,0,0,1,0,0,1,0.6,0.45,-10.82,0.52,0.37,0.04,0.23,0.14,0.2,0.08,0.15,-0.48,2.16,1.53,0.01,74.0,100.0,36.0,40.0,40.0,44.0,40.0,38.0,37.0,46.0,34.0,26.0,7.0,7.0,6.0,32.0,33.0,34.0,46.0,42.0,50.0,32.0,37.0,39.0,23.0,22.0,27.0,15624.09833,15587.00889,15532.765,6.0,6.0,6.0,12950.0,12950.0,12950.0,1.3,1.6,1.9,0.523333333,0.075055535,-1.446666667,4.593733413,0.38,0.135277493,0.328333333,0.165579789,0.22,0.075498344,0.186666667,0.065625198,0.283333333,0.293655127,0.14,0.370027026,1.126666667,1.283445883,1.088333333,0.997064023,-34.0,-0.459459459,-16.0,-0.4,-12.0,-0.3,-7.0,-0.152173913,-2.0,-0.285714286,0.0,0.0,5.0,0.108695652,5.0,0.15625,-3.0,-0.130434783,-26.0,-0.26,50.0,1.351351351,2.0,0.058823529,0.0,0.0,-4.0,-0.090909091,-10.0,-0.185185185,2.0,0.052631579,1.0,0.027027027,3.0,0.088235294,12.0,0.352941176,8.0,0.307692308,-22.0,-0.458333333,0.0,0.0,1.0,0.166666667,0.0,0.0,-1.0,-0.03030303,-1.0,-0.029411765,4.0,0.133333333,4.0,0.095238095,-8.0,-0.16,-5.0,-0.090909091,-5.0,-0.135135135,-2.0,-0.051282051,-15.0,-0.277777778,1.0,0.045454545,-5.0,-0.185185185,1.0,0.038461538,0,0,0,0,0.52,0.25,0.29,0.62,-0.31
2024-05-01,bandung,5,0.5,-0.866025404,-0.36,0.19,-0.39,29,22,33,23,5,30,46.0,31.0,23.0,16003.52444,6.25,12950,0.5,0,0,0.0,0,0,1,0,0,0,0.52,0.6,0.45,0.25,0.52,0.37,0.29,0.23,0.14,0.62,0.08,0.15,-0.31,2.16,1.53,40.0,74.0,100.0,24.0,40.0,40.0,28.0,40.0,38.0,39.0,46.0,34.0,5.0,7.0,7.0,32.0,32.0,33.0,51.0,46.0,42.0,37.0,32.0,37.0,20.0,23.0,22.0,16019.5,15624.09833,15587.00889,6.25,6.0,6.0,12950.0,12950.0,12950.0,0.8,1.3,1.6,0.303333333,0.446355613,-1.525,4.562713009,0.246666667,0.275015151,0.26,0.216702561,0.23,0.06,0.195,0.058223707,0.19,0.386910842,0.105,0.386406522,0.386666667,1.547460285,0.686666667,1.163282711,-11.0,-0.275,-2.0,-0.083333333,5.0,0.178571429,-16.0,-0.41025641,0.0,0.0,-2.0,-0.0625,-5.0,-0.098039216,-6.0,-0.162162162,3.0,0.15,-34.0,-0.459459459,-26.0,-0.26,50.0,1.351351351,-16.0,-0.4,0.0,0.0,-4.0,-0.090909091,-12.0,-0.3,2.0,0.052631579,1.0,0.027027027,-7.0,-0.152173913,12.0,0.352941176,8.0,0.307692308,-2.0,-0.285714286,0.0,0.0,1.0,0.166666667,0.0,0.0,-1.0,-0.03030303,-1.0,-0.029411765,5.0,0.108695652,4.0,0.095238095,-8.0,-0.16,5.0,0.15625,-5.0,-0.135135135,-2.0,-0.051282051,-3.0,-0.130434783,1.0,0.045454545,-5.0,-0.185185185,0,0,0,0,-0.21,-0.03,0.17,-0.13,-0.69
2024-06-01,bandung,6,1.22e-16,-1.0,-0.19,-0.01,0.0,29,24,30,36,5,27,43.0,32.0,24.0,16247.74167,6.25,12950,0.2,0,0,0.0,1,0,0,0,0,0,-0.21,0.52,0.6,-0.03,0.25,0.52,0.17,0.29,0.23,-0.13,0.62,0.08,-0.69,-0.31,2.16,29.0,40.0,74.0,22.0,24.0,40.0,33.0,28.0,40.0,23.0,39.0,46.0,5.0,5.0,7.0,30.0,32.0,32.0,46.0,51.0,46.0,31.0,37.0,32.0,23.0,20.0,23.0,16003.52444,16019.5,15624.09833,6.25,6.25,6.0,12950.0,12950.0,12950.0,0.5,0.8,1.3,-0.02,0.474447047,-1.638333333,4.516225932,0.046666667,0.177857621,0.178333333,0.239951384,0.186666667,0.096090235,0.188333333,0.067354782,0.203333333,0.381881308,0.06,0.361496888,-0.66,0.336005952,0.286666667,1.268552981,0.0,0.0,2.0,0.090909091,-3.0,-0.090909091,13.0,0.565217391,0.0,0.0,-3.0,-0.1,-3.0,-0.065217391,1.0,0.032258065,1.0,0.043478261,-11.0,-0.275,-34.0,-0.459459459,-26.0,-0.26,-2.0,-0.083333333,-16.0,-0.4,0.0,0.0,5.0,0.178571429,-12.0,-0.3,2.0,0.052631579,-16.0,-0.41025641,-7.0,-0.152173913,12.0,0.352941176,0.0,0.0,-2.0,-0.285714286,0.0,0.0,-2.0,-0.0625,0.0,0.0,-1.0,-0.03030303,-5.0,-0.098039216,5.0,0.108695652,4.0,0.095238095,-6.0,-0.162162162,5.0,0.15625,-5.0,-0.135135135,3.0,0.15,-3.0,-0.130434783,1.0,0.045454545,0,0,0,0,-0.37,-0.08,0.1,0.12,-0.98
2024-07-01,bandung,7,-0.5,-0.866025404,-0.3,0.01,0.0,25,27,26,11,4,26,43.0,30.0,20.0,16180.34391,6.25,12950,0.1,0,0,0.0,1,0,0,0,0,0,-0.37,-0.21,0.52,-0.08,-0.03,0.25,0.1,0.17,0.29,0.12,-0.13,0.62,-0.98,-0.69,-0.31,29.0,29.0,40.0,24.0,22.0,24.0,30.0,33.0,28.0,36.0,23.0,39.0,5.0,5.0,5.0,27.0,30.0,32.0,43.0,46.0,51.0,32.0,31.0,37.0,24.0,23.0,20.0,16247.74167,16003.52444,16019.5,6.25,6.25,6.25,12950.0,12950.0,12950.0,0.2,0.5,0.8,-0.16,0.238956063,0.181666667,0.406419324,-0.096666667,0.076376262,0.141666667,0.278956388,0.15,0.043588989,0.185,0.067156534,0.033333333,0.141539158,0.158333333,0.247500842,-1.196666667,0.642987817,-0.035,1.563211438,-4.0,-0.137931034,3.0,0.125,-4.0,-0.133333333,-25.0,-0.694444444,-1.0,-0.2,-1.0,-0.037037037,0.0,0.0,-2.0,-0.0625,-4.0,-0.166666667,0.0,0.0,-11.0,-0.275,-34.0,-0.459459459,2.0,0.090909091,-2.0,-0.083333333,-16.0,-0.4,-3.0,-0.090909091,5.0,0.178571429,-12.0,-0.3,13.0,0.565217391,-16.0,-0.41025641,-7.0,-0.152173913,0.0,0.0,0.0,0.0,-2.0,-0.285714286,-3.0,-0.1,-2.0,-0.0625,0.0,0.0,-3.0,-0.065217391,-5.0,-0.098039216,5.0,0.108695652,1.0,0.032258065,-6.0,-0.162162162,5.0,0.15625,1.0,0.043478261,3.0,0.15,-3.0,-0.130434783,0,0,0,0,0.1,-0.18,0.18,0.11,-1.92
2024-08-01,bandung,8,-0.866025404,-0.5,0.03,0.0,0.53,27,27,29,23,5,28,39.0,28.0,25.0,15714.21545,6.25,13700,-0.1,0,0,0.0,1,0,0,0,1,0,0.1,-0.37,-0.21,-0.18,-0.08,-0.03,0.18,0.1,0.17,0.11,0.12,-0.13,-1.92,-0.98,-0.69,25.0,29.0,29.0,27.0,24.0,22.0,26.0,30.0,33.0,11.0,36.0,23.0,4.0,5.0,5.0,26.0,27.0,30.0,43.0,43.0,46.0,30.0,32.0,31.0,20.0,24.0,23.0,16180.34391,16247.74167,16003.52444,6.25,6.25,6.25,12950.0,12950.0,12950.0,0.1,0.2,0.5,-0.116666667,0.237135685,0.093333333,0.393835837,-0.096666667,0.076376262,0.075,0.260672208,0.16,0.052915026,0.195,0.063482281,0.153333333,0.066583281,0.171666667,0.249111755,-1.38,0.485386444,-0.496666667,1.410115834,2.0,0.08,0.0,0.0,3.0,0.115384615,12.0,1.090909091,1.0,0.25,2.0,0.076923077,-4.0,-0.093023256,-2.0,-0.066666667,5.0,0.25,-4.0,-0.137931034,0.0,0.0,-11.0,-0.275,3.0,0.125,2.0,0.090909091,-2.0,-0.083333333,-4.0,-0.133333333,-3.0,-0.090909091,5.0,0.178571429,-25.0,-0.694444444,13.0,0.565217391,-16.0,-0.41025641,-1.0,-0.2,0.0,0.0,0.0,0.0,-1.0,-0.037037037,-3.0,-0.1,-2.0,-0.0625,0.0,0.0,-3.0,-0.065217391,-5.0,-0.098039216,-2.0,-0.0625,1.0,0.032258065,-6.0,-0.162162162,-4.0,-0.166666667,1.0,0.043478261,3.0,0.15,0,0,0,0,-0.08,-0.03,0.2,0.23,-1.24
2024-09-01,bandung,9,-1.0,-1.84e-16,-0.73,0.01,-0.51,26,28,29,22,4,26,37.0,26.0,23.0,15264.545,6.0,13700,-0.2,0,0,0.0,1,0,0,0,0,0,-0.08,0.1,-0.37,-0.03,-0.18,-0.08,0.2,0.18,0.1,0.23,0.11,0.12,-1.24,-1.92,-0.98,27.0,25.0,29.0,27.0,27.0,24.0,29.0,26.0,30.0,23.0,11.0,36.0,5.0,4.0,5.0,28.0,26.0,27.0,39.0,43.0,43.0,28.0,30.0,32.0,25.0,20.0,24.0,15714.21545,16180.34391,16247.74167,6.25,6.25,6.25,13700.0,12950.0,12950.0,-0.1,0.1,0.2,-0.03,0.113578167,-0.025,0.308593584,-0.11,0.075498344,-0.031666667,0.149320684,0.18,0.02,0.183333333,0.062182527,0.1,0.135277493,0.151666667,0.262405539,-1.5,0.367151195,-1.08,0.557458519,-1.0,-0.037037037,1.0,0.037037037,0.0,0.0,-1.0,-0.043478261,-1.0,-0.2,-2.0,-0.071428571,-2.0,-0.051282051,-2.0,-0.071428571,-2.0,-0.08,2.0,0.08,-4.0,-0.137931034,0.0,0.0,0.0,0.0,3.0,0.125,2.0,0.090909091,3.0,0.115384615,-4.0,-0.133333333,-3.0,-0.090909091,12.0,1.090909091,-25.0,-0.694444444,13.0,0.565217391,1.0,0.25,-1.0,-0.2,0.0,0.0,2.0,0.076923077,-1.0,-0.037037037,-3.0,-0.1,-4.0,-0.093023256,0.0,0.0,-3.0,-0.065217391,-2.0,-0.066666667,-2.0,-0.0625,1.0,0.032258065,5.0,0.25,-4.0,-0.166666667,1.0,0.043478261,0,0,0,0,-0.11,-0.12,0.16,-0.04,-1.34
2024-10-01,bandung,10,-0.866025404,0.5,0.2,0.04,-0.81,28,24,28,28,5,28,41.0,25.0,26.0,15463.64,6.0,12100,-0.2,0,0,0.0,0,0,0,0,0,0,-0.11,-0.08,0.1,-0.12,-0.03,-0.18,0.16,0.2,0.18,-0.04,0.23,0.11,-1.34,-1.24,-1.92,26.0,27.0,25.0,28.0,27.0,27.0,29.0,29.0,26.0,22.0,23.0,11.0,4.0,5.0,4.0,26.0,28.0,26.0,37.0,39.0,43.0,26.0,28.0,30.0,23.0,25.0,20.0,15264.545,15714.21545,16180.34391,6.0,6.25,6.25,13700.0,13700.0,12950.0,-0.2,-0.1,0.1,-0.026666667,0.119303534,-0.093333333,0.184028983,-0.023333333,0.100166528,-0.06,0.089218832,0.193333333,0.030550505,0.171666667,0.041190614,-0.02,0.240624188,0.006666667,0.178959958,-0.896666667,0.683105653,-1.046666667,0.615651417,2.0,0.076923077,-4.0,-0.142857143,-1.0,-0.034482759,6.0,0.272727273,1.0,0.25,2.0,0.076923077,4.0,0.108108108,-1.0,-0.038461538,3.0,0.130434783,-1.0,-0.037037037,2.0,0.08,-4.0,-0.137931034,1.0,0.037037037,0.0,0.0,3.0,0.125,0.0,0.0,3.0,0.115384615,-4.0,-0.133333333,-1.0,-0.043478261,12.0,1.090909091,-25.0,-0.694444444,-1.0,-0.2,1.0,0.25,-1.0,-0.2,-2.0,-0.071428571,2.0,0.076923077,-1.0,-0.037037037,-2.0,-0.051282051,-4.0,-0.093023256,0.0,0.0,-2.0,-0.071428571,-2.0,-0.066666667,-2.0,-0.0625,-2.0,-0.08,5.0,0.25,-4.0,-0.166666667,0,0,0,0,0.11,0.08,0.22,-0.25,-0.11
2024-11-01,bandung,11,-0.5,0.866025404,0.45,0.0,0.02,28,27,26,33,6,28,44.0,27.0,23.0,15733.2895,6.0,12100,-0.3,0,0,0.0,0,1,0,0,0,0,0.11,-0.11,-0.08,0.08,-0.12,-0.03,0.22,0.16,0.2,-0.25,-0.04,0.23,-0.11,-1.34,-1.24,28.0,26.0,27.0,24.0,28.0,27.0,28.0,29.0,29.0,28.0,22.0,23.0,5.0,4.0,5.0,28.0,26.0,28.0,41.0,37.0,39.0,25.0,26.0,28.0,26.0,23.0,25.0,15463.64,15264.545,15714.21545,6.0,6.0,6.25,12100.0,13700.0,13700.0,-0.2,-0.2,-0.1,0.063333333,0.155349069,-0.026666667,0.204613457,0.086666667,0.21007935,-0.005,0.173407036,0.183333333,0.032145503,0.171666667,0.041190614,-0.056666667,0.185562209,0.048333333,0.169636867,-0.126666667,1.205086442,-0.753333333,1.070694479,0.0,0.0,3.0,0.125,-2.0,-0.071428571,5.0,0.178571429,1.0,0.2,0.0,0.0,3.0,0.073170732,2.0,0.08,-3.0,-0.115384615,2.0,0.076923077,-1.0,-0.037037037,2.0,0.08,-4.0,-0.142857143,1.0,0.037037037,0.0,0.0,-1.0,-0.034482759,0.0,0.0,3.0,0.115384615,6.0,0.272727273,-1.0,-0.043478261,12.0,1.090909091,1.0,0.25,-1.0,-0.2,1.0,0.25,2.0,0.076923077,-2.0,-0.071428571,2.0,0.076923077,4.0,0.108108108,-2.0,-0.051282051,-4.0,-0.093023256,-1.0,-0.038461538,-2.0,-0.071428571,-2.0,-0.066666667,3.0,0.130434783,-2.0,-0.08,5.0,0.25,0,0,0,0,0.19,0.3,0.17,0.12,1.07
2024-12-01,bandung,12,-2.45e-16,1.0,1.12,0.0,0.01,29,27,42,43,5,23,53.0,34.0,26.0,15943.3835,6.0,12100,-0.4,0,0,0.0,0,1,0,0,0,0,0.19,0.11,-0.11,0.3,0.08,-0.12,0.17,0.22,0.16,0.12,-0.25,-0.04,1.07,-0.11,-1.34,28.0,28.0,26.0,27.0,24.0,28.0,26.0,28.0,29.0,33.0,28.0,22.0,6.0,5.0,4.0,28.0,28.0,26.0,44.0,41.0,37.0,27.0,25.0,26.0,23.0,26.0,23.0,15733.2895,15463.64,15264.545,6.0,6.0,6.0,12100.0,12100.0,13700.0,-0.3,-0.2,-0.2,0.246666667,0.172143351,0.108333333,0.199941658,0.273333333,0.181475435,0.081666667,0.244001366,0.186666667,0.028867513,0.183333333,0.022509257,-0.033333333,0.192959409,0.033333333,0.165971885,1.0,1.076707946,-0.25,1.546816085,1.0,0.035714286,0.0,0.0,16.0,0.615384615,10.0,0.303030303,-1.0,-0.166666667,-5.0,-0.178571429,9.0,0.204545455,7.0,0.259259259,3.0,0.130434783,0.0,0.0,2.0,0.076923077,-1.0,-0.037037037,3.0,0.125,-4.0,-0.142857143,1.0,0.037037037,-2.0,-0.071428571,-1.0,-0.034482759,0.0,0.0,5.0,0.178571429,6.0,0.272727273,-1.0,-0.043478261,1.0,0.2,1.0,0.25,-1.0,-0.2,0.0,0.0,2.0,0.076923077,-2.0,-0.071428571,3.0,0.073170732,4.0,0.108108108,-2.0,-0.051282051,2.0,0.08,-1.0,-0.038461538,-2.0,-0.071428571,-3.0,-0.115384615,3.0,0.130434783,-2.0,-0.08,0,0,0,0,0.44,0.44,0.17,0.03,2.04
2025-01-01,bandung,1,0.5,0.866025404,1.83,-6.51,0.44,29,43,35,35,6,30,48.0,35.0,25.0,16180.68947,5.75,12500,-0.4,0,0,0.0,0,1,0,0,1,0,0.44,0.19,0.11,0.44,0.3,0.08,0.17,0.17,0.22,0.03,0.12,-0.25,2.04,1.07,-0.11,29.0,28.0,28.0,27.0,27.0,24.0,42.0,26.0,28.0,43.0,33.0,28.0,5.0,6.0,5.0,23.0,28.0,28.0,53.0,44.0,41.0,34.0,27.0,25.0,26.0,23.0,26.0,15943.3835,15733.2895,15463.64,6.0,6.0,6.0,12100.0,12100.0,12100.0,-0.4,-0.3,-0.2,-0.03,0.610491605,-0.028333333,0.393416658,-0.006666667,0.656150389,-0.015,0.419892843,0.213333333,0.075055535,0.203333333,0.052408651,-2.41,4.304381489,-1.215,3.024544594,2.02,0.940159561,0.561666667,1.758492726,0.0,0.0,16.0,0.592592593,-7.0,-0.166666667,-8.0,-0.186046512,1.0,0.2,7.0,0.304347826,-5.0,-0.094339623,1.0,0.029411765,-1.0,-0.038461538,1.0,0.035714286,0.0,0.0,2.0,0.076923077,0.0,0.0,3.0,0.125,-4.0,-0.142857143,16.0,0.615384615,-2.0,-0.071428571,-1.0,-0.034482759,10.0,0.303030303,5.0,0.178571429,6.0,0.272727273,-1.0,-0.166666667,1.0,0.2,1.0,0.25,-5.0,-0.178571429,0.0,0.0,2.0,0.076923077,9.0,0.204545455,3.0,0.073170732,4.0,0.108108108,7.0,0.259259259,2.0,0.08,-1.0,-0.038461538,3.0,0.130434783,-3.0,-0.115384615,3.0,0.130434783,0,0,0,0,-0.72,-0.76,0.3,-7.38,2.95
2025-02-01,bandung,2,0.866025404,0.5,-0.36,-3.45,0.44,36,36,39,36,8,33,42.0,35.0,35.0,16256.2115,5.75,12500,-0.2,0,0,1.0,0,1,0,0,0,0,-0.72,0.44,0.19,-0.76,0.44,0.3,0.3,0.17,0.17,-7.38,0.03,0.12,2.95,2.04,1.07,29.0,29.0,28.0,43.0,27.0,27.0,35.0,42.0,26.0,35.0,43.0,33.0,6.0,5.0,6.0,30.0,23.0,28.0,48.0,53.0,44.0,35.0,34.0,27.0,25.0,26.0,23.0,16180.68947,15943.3835,15733.2895,5.75,6.0,6.0,12500.0,12100.0,12100.0,-0.4,-0.4,-0.3,-0.27,0.622173609,-0.103333333,0.444777098,-0.266666667,0.627800393,-0.09,0.461259146,0.24,0.065574385,0.211666667,0.055647701,-3.333333333,3.75196393,-1.695,2.977520781,1.353333333,2.029096679,0.613333333,1.6985013,7.0,0.24137931,-7.0,-0.162790698,4.0,0.114285714,1.0,0.028571429,2.0,0.333333333,3.0,0.1,-6.0,-0.125,0.0,0.0,10.0,0.4,0.0,0.0,1.0,0.035714286,0.0,0.0,16.0,0.592592593,0.0,0.0,3.0,0.125,-7.0,-0.166666667,16.0,0.615384615,-2.0,-0.071428571,-8.0,-0.186046512,10.0,0.303030303,5.0,0.178571429,1.0,0.2,-1.0,-0.166666667,1.0,0.2,7.0,0.304347826,-5.0,-0.178571429,0.0,0.0,-5.0,-0.094339623,9.0,0.204545455,3.0,0.073170732,1.0,0.029411765,7.0,0.259259259,2.0,0.08,-1.0,-0.038461538,3.0,0.130434783,-3.0,-0.115384615,0,0,0,0,-0.53,-0.48,0.25,-2.65,-0.93
2025-03-01,bandung,3,1.0,6.12e-17,1.03,6.13,0.49,49,27,33,31,7,28,59.0,30.0,32.0,16373.87684,5.75,12500,-0.1,1,1,0.0,0,0,0,0,0,0,-0.53,-0.72,0.44,-0.48,-0.76,0.44,0.25,0.3,0.17,-2.65,-7.38,0.03,-0.93,2.95,2.04,36.0,29.0,29.0,36.0,43.0,27.0,39.0,35.0,42.0,36.0,35.0,43.0,8.0,6.0,5.0,33.0,30.0,23.0,42.0,48.0,53.0,35.0,35.0,34.0,35.0,25.0,26.0,16256.2115,16180.68947,15943.3835,5.75,5.75,6.0,12500.0,12500.0,12100.0,-0.2,-0.4,-0.4,0.016666667,1.115452076,0.131666667,0.724856308,0.136666667,1.318041476,0.205,0.844789915,0.263333333,0.032145503,0.225,0.0500999,-1.166666667,7.072639771,-0.6,4.517645404,1.326666667,2.016043981,1.163333333,1.456539277,13.0,0.361111111,-9.0,-0.25,-6.0,-0.153846154,-5.0,-0.138888889,-1.0,-0.125,-5.0,-0.151515152,17.0,0.38963768129000004,-5.0,-0.142857143,-3.0,-0.085714286,7.0,0.24137931,0.0,0.0,1.0,0.035714286,-7.0,-0.162790698,16.0,0.592592593,0.0,0.0,4.0,0.114285714,-7.0,-0.166666667,16.0,0.615384615,1.0,0.028571429,-8.0,-0.186046512,10.0,0.303030303,2.0,0.333333333,1.0,0.2,-1.0,-0.166666667,3.0,0.1,7.0,0.304347826,-5.0,-0.178571429,-6.0,-0.125,-5.0,-0.094339623,9.0,0.204545455,0.0,0.0,1.0,0.029411765,7.0,0.259259259,10.0,0.4,-1.0,-0.038461538,3.0,0.130434783,0,0,0,0,1.3,1.65,0.24,6.53,1.96
2025-04-01,bandung,4,0.866025404,-0.5,-1.09,5.6,-0.22,29,29,33,34,5,25,49.0,34.0,24.0,16735.89812,5.75,12500,0.0,0,0,0.0,0,0,0,0,0,0,1.3,-0.53,-0.72,1.65,-0.48,-0.76,0.24,0.25,0.3,6.53,-2.65,-7.38,1.96,-0.93,2.95,49.0,36.0,29.0,27.0,36.0,43.0,33.0,39.0,35.0,31.0,36.0,35.0,7.0,8.0,6.0,28.0,33.0,30.0,59.0,42.0,48.0,30.0,35.0,35.0,32.0,35.0,25.0,16373.87684,16256.2115,16180.68947,5.75,5.75,5.75,12500.0,12500.0,12500.0,-0.1,-0.2,-0.4,0.62,1.00144895,0.295,0.82279402,0.78,1.117273467,0.386666667,0.925843759,0.266666667,0.037859389,0.24,0.060663004,3.03,4.963103868,0.31,5.112936534,0.33,1.480101348,1.175,1.444531066,-20.0,-0.408163265,2.0,0.074074074,0.0,0.0,3.0,0.096774194,-2.0,-0.285714286,-3.0,-0.107142857,-10.0,-0.169491525,4.0,0.133333333,-8.0,-0.25,13.0,0.361111111,7.0,0.24137931,0.0,0.0,-9.0,-0.25,-7.0,-0.162790698,16.0,0.592592593,-6.0,-0.153846154,4.0,0.114285714,-7.0,-0.166666667,-5.0,-0.138888889,1.0,0.028571429,-8.0,-0.186046512,-1.0,-0.125,2.0,0.333333333,1.0,0.2,-5.0,-0.151515152,3.0,0.1,7.0,0.304347826,17.0,0.38668896353,-6.0,-0.125,-5.0,-0.094339623,-5.0,-0.142857143,0.0,0.0,1.0,0.029411765,-3.0,-0.085714286,10.0,0.4,-1.0,-0.038461538,0,0,0,0,1.09,1.17,0.31,5.21,-0.04
2025-05-01,bandung,5,0.5,-0.866025404,-1.24,0.0,-0.68,28,21,30,30,4,28,40.0,28.0,23.0,16358.50235,5.5,12400,0.0,0,0,0.0,0,0,0,0,0,0,1.09,1.3,-0.53,1.17,1.65,-0.48,0.31,0.24,0.25,5.21,6.53,-2.65,-0.04,1.96,-0.93,29.0,49.0,36.0,29.0,27.0,36.0,33.0,33.0,39.0,34.0,31.0,36.0,5.0,7.0,8.0,25.0,28.0,33.0,49.0,59.0,42.0,34.0,30.0,35.0,24.0,32.0,35.0,16735.89812,16373.87684,16256.2115,5.75,5.75,5.75,12500.0,12500.0,12500.0,0.0,-0.1,-0.2,0.723333333,0.823670646,0.226666667,0.8498392,0.816666667,1.05533565,0.275,0.977358685,0.21,0.117898261,0.225,0.086890736,3.906666667,3.464048691,0.286666667,5.114296302,-0.186666667,2.223630665,0.583333333,2.082351235,-1.0,-0.034482759,-8.0,-0.275862069,-3.0,-0.090909091,-4.0,-0.117647059,-1.0,-0.2,3.0,0.12,-9.0,-0.183673469,-6.0,-0.176470588,-1.0,-0.041666667,-20.0,-0.408163265,13.0,0.361111111,7.0,0.24137931,2.0,0.074074074,-9.0,-0.25,-7.0,-0.162790698,0.0,0.0,-6.0,-0.153846154,4.0,0.114285714,3.0,0.096774194,-5.0,-0.138888889,1.0,0.028571429,-2.0,-0.285714286,-1.0,-0.125,2.0,0.333333333,-3.0,-0.107142857,-5.0,-0.151515152,3.0,0.1,-10.0,-0.169491525,17.0,0.38668896353,-6.0,-0.125,4.0,0.133333333,-5.0,-0.142857143,0.0,0.0,-8.0,-0.25,-3.0,-0.085714286,10.0,0.4,0,0,0,0,-0.22,-0.37,0.08,-0.02,-2.48
2025-06-01,bandung,6,1.22e-16,-1.0,0.63,0.44,-0.34,27,25,29,34,4,22,40.0,28.0,24.0,16229.00167,5.5,12100,0.0,0,0,0.0,1,0,0,0,0,0,-0.22,1.09,1.3,-0.37,1.17,1.65,0.08,0.31,0.24,-0.02,5.21,6.53,-2.48,-0.04,1.96,28.0,29.0,49.0,21.0,29.0,27.0,30.0,33.0,33.0,30.0,34.0,31.0,4.0,5.0,7.0,28.0,25.0,28.0,40.0,49.0,59.0,28.0,34.0,30.0,23.0,24.0,32.0,16358.50235,16735.89812,16373.87684,5.5,5.75,5.75,12400.0,12500.0,12500.0,0.0,0.0,-0.1,0.41,0.656429737,0.213333333,0.84644354,0.33,0.779487011,0.233333333,0.974241585,0.153333333,0.135769412,0.208333333,0.106848803,1.76,2.988293828,0.296666667,5.113752699,-0.583333333,1.691754513,0.371666667,1.965964564,-1.0,-0.035714286,4.0,0.19047619,-1.0,-0.033333333,4.0,0.133333333,0.0,0.0,-6.0,-0.214285714,0.0,0.0,0.0,0.0,1.0,0.043478261,-1.0,-0.034482759,-20.0,-0.408163265,13.0,0.361111111,-8.0,-0.275862069,2.0,0.074074074,-9.0,-0.25,-3.0,-0.090909091,0.0,0.0,-6.0,-0.153846154,-4.0,-0.117647059,3.0,0.096774194,-5.0,-0.138888889,-1.0,-0.2,-2.0,-0.285714286,-1.0,-0.125,3.0,0.12,-3.0,-0.107142857,-5.0,-0.151515152,-9.0,-0.183673469,-10.0,-0.169491525,17.0,0.38668896353,-6.0,-0.176470588,4.0,0.133333333,-5.0,-0.142857143,-1.0,-0.041666667,-8.0,-0.25,-3.0,-0.085714286,0,0,0,0,0.36,0.19,0.07,0.09,0.77
2025-07-01,bandung,7,-0.5,-0.866025404,0.39,1.02,0.46,28,16,32,16,4,25,40.0,29.0,25.0,16195.05261,5.25,12200,-0.1,0,0,0.0,1,0,0,0,1,0,0.36,-0.22,1.09,0.19,-0.37,1.17,0.07,0.08,0.31,0.09,-0.02,5.21,0.77,-2.48,-0.04,27.0,28.0,29.0,25.0,21.0,29.0,29.0,30.0,33.0,34.0,30.0,34.0,4.0,4.0,5.0,22.0,28.0,25.0,40.0,40.0,49.0,28.0,28.0,34.0,24.0,23.0,24.0,16229.00167,16358.50235,16735.89812,5.5,5.5,5.75,12100.0,12400.0,12500.0,0.0,0.0,0.0,0.11,0.29816103,0.365,0.7174608,0.04,0.359304884,0.41,0.845718629,0.093333333,0.032145503,0.18,0.1,0.053333333,0.06350853,1.541666667,3.537334684,-0.153333333,2.029195243,0.088333333,1.610408851,1.0,0.037037037,-9.0,-0.36,3.0,0.103448276,-18.0,-0.529411765,0.0,0.0,3.0,0.136363636,0.0,0.0,1.0,0.035714286,1.0,0.041666667,-1.0,-0.035714286,-1.0,-0.034482759,-20.0,-0.408163265,4.0,0.19047619,-8.0,-0.275862069,2.0,0.074074074,-1.0,-0.033333333,-3.0,-0.090909091,0.0,0.0,4.0,0.133333333,-4.0,-0.117647059,3.0,0.096774194,0.0,0.0,-1.0,-0.2,-2.0,-0.285714286,-6.0,-0.214285714,3.0,0.12,-3.0,-0.107142857,0.0,0.0,-9.0,-0.183673469,-10.0,-0.169491525,0.0,0.0,-6.0,-0.176470588,4.0,0.133333333,1.0,0.043478261,-1.0,-0.041666667,-8.0,-0.25,0,0,0,0,0.19,0.3,0.13,0.09,1.25
2025-08-01,bandung,8,-0.866025404,-0.5,-0.36,0.04,-0.25,44,18,29,22,4,29,37.0,24.0,22.0,16227.256,5.0,12200,-0.3,0,0,0.0,1,0,0,0,0,0,0.19,0.36,-0.22,0.3,0.19,-0.37,0.13,0.07,0.08,0.09,0.09,-0.02,1.25,0.77,-2.48,28.0,27.0,28.0,16.0,25.0,21.0,32.0,29.0,30.0,16.0,34.0,30.0,4.0,4.0,4.0,25.0,22.0,28.0,40.0,40.0,40.0,29.0,28.0,28.0,25.0,24.0,23.0,16195.05261,16229.00167,16358.50235,5.25,5.5,5.5,12200.0,12100.0,12400.0,-0.1,0.0,0.0,0.16,0.216564078,0.441666667,0.620754917,0.136666667,0.195533458,0.476666667,0.774278158,0.086666667,0.037859389,0.148333333,0.103424691,0.033333333,0.098149546,1.97,3.05033113,0.47,0.965608616,0.141666667,1.574844966,16.0,0.571428571,2.0,0.125,-3.0,-0.09375,6.0,0.375,0.0,0.0,4.0,0.16,-3.0,-0.075,-5.0,-0.172413793,-3.0,-0.12,1.0,0.037037037,-1.0,-0.035714286,-1.0,-0.034482759,-9.0,-0.36,4.0,0.19047619,-8.0,-0.275862069,3.0,0.103448276,-1.0,-0.033333333,-3.0,-0.090909091,-18.0,-0.529411765,4.0,0.133333333,-4.0,-0.117647059,0.0,0.0,0.0,0.0,-1.0,-0.2,3.0,0.136363636,-6.0,-0.214285714,3.0,0.12,0.0,0.0,0.0,0.0,-9.0,-0.183673469,1.0,0.035714286,0.0,0.0,-6.0,-0.176470588,1.0,0.041666667,1.0,0.043478261,-1.0,-0.041666667,0,0,0,0,-0.07,-0.08,0.06,-0.08,-0.61
2025-09-01,bandung,9,-1.0,-1.84e-16,0.44,0.0,-0.01,38,25,34,35,5,27,35.0,23.0,25.0,16429.63048,4.75,12200,-0.4,0,0,0.0,1,0,0,0,0,0,-0.07,0.19,0.36,-0.08,0.3,0.19,0.06,0.13,0.07,-0.08,0.09,0.09,-0.61,1.25,0.77,44.0,28.0,27.0,18.0,16.0,25.0,29.0,32.0,29.0,22.0,16.0,34.0,4.0,4.0,4.0,29.0,25.0,22.0,37.0,40.0,40.0,24.0,29.0,28.0,22.0,25.0,24.0,16227.256,16195.05261,16229.00167,5.0,5.25,5.5,12200.0,12200.0,12100.0,-0.3,-0.1,0.0,0.096666667,0.144683563,0.253333333,0.458461194,0.143333333,0.19857828,0.236666667,0.518909112,0.123333333,0.060277138,0.138333333,0.095376447,0.023333333,0.090737717,0.891666667,2.116614435,0.386666667,0.937141042,-0.098333333,1.333557898,-6.0,-0.136363636,7.0,0.388888889,5.0,0.172413793,13.0,0.590909091,1.0,0.25,-2.0,-0.068965517,-2.0,-0.054054054,-1.0,-0.041666667,3.0,0.136363636,16.0,0.571428571,1.0,0.037037037,-1.0,-0.035714286,2.0,0.125,-9.0,-0.36,4.0,0.19047619,-3.0,-0.09375,3.0,0.103448276,-1.0,-0.033333333,6.0,0.375,-18.0,-0.529411765,4.0,0.133333333,0.0,0.0,0.0,0.0,0.0,0.0,4.0,0.16,3.0,0.136363636,-6.0,-0.214285714,-3.0,-0.075,0.0,0.0,0.0,0.0,-5.0,-0.172413793,1.0,0.035714286,0.0,0.0,-3.0,-0.12,1.0,0.041666667,1.0,0.043478261,0,0,0,0,0.17,0.21,0.18,0.06,0.52
2025-10-01,bandung,10,-0.866025404,0.5,0.71,0.01,0.19,29,28,34,35,5,26,36.0,23.0,24.0,16524.31261,4.75,12200,-0.5,0,0,0.0,0,0,0,1,0,0,0.17,-0.07,0.19,0.21,-0.08,0.3,0.18,0.06,0.13,0.06,-0.08,0.09,0.52,-0.61,1.25,38.0,44.0,28.0,25.0,18.0,16.0,34.0,29.0,32.0,35.0,22.0,16.0,5.0,4.0,4.0,27.0,29.0,25.0,35.0,37.0,40.0,23.0,24.0,29.0,25.0,22.0,25.0,16429.63048,16227.256,16195.05261,4.75,5.0,5.25,12200.0,12200.0,12200.0,-0.4,-0.3,-0.1,0.15,0.210713075,0.13,0.23194827,0.136666667,0.190875177,0.088333333,0.262710233,0.21,0.167032931,0.151666667,0.125126603,0.026666667,0.094516313,0.04,0.073484692,-0.02,0.566656863,-0.086666667,1.334476177,-9.0,-0.236842105,3.0,0.12,0.0,0.0,0.0,0.0,0.0,0.0,-1.0,-0.037037037,1.0,0.028571429,0.0,0.0,-1.0,-0.04,-6.0,-0.136363636,16.0,0.571428571,1.0,0.037037037,7.0,0.388888889,2.0,0.125,-9.0,-0.36,5.0,0.172413793,-3.0,-0.09375,3.0,0.103448276,13.0,0.590909091,6.0,0.375,-18.0,-0.529411765,1.0,0.25,0.0,0.0,0.0,0.0,-2.0,-0.068965517,4.0,0.16,3.0,0.136363636,-2.0,-0.054054054,-3.0,-0.075,0.0,0.0,-1.0,-0.041666667,-5.0,-0.172413793,1.0,0.035714286,3.0,0.136363636,-3.0,-0.12,1.0,0.041666667,0,0,0,0,0.35,0.28,0.39,0.1,0.03
2025-11-01,bandung,11,-0.5,0.866025404,0.39,0.11,-0.02,30,30,32,27,5,26,39.0,27.0,26.0,16619.535,4.75,12200,-0.6,0,0,0.0,0,1,0,1,0,0,0.35,0.17,-0.07,0.28,0.21,-0.08,0.39,0.18,0.06,0.1,0.06,-0.08,0.03,0.52,-0.61,29.0,38.0,44.0,28.0,25.0,18.0,34.0,34.0,29.0,35.0,35.0,22.0,5.0,5.0,4.0,26.0,27.0,29.0,36.0,35.0,37.0,23.0,23.0,24.0,24.0,25.0,22.0,16524.31261,16429.63048,16227.256,4.75,4.75,5.0,12200.0,12200.0,12200.0,-0.5,-0.4,-0.3,0.243333333,0.094516313,0.201666667,0.156258333,0.22,0.055677644,0.178333333,0.136442906,0.246666667,0.124230968,0.166666667,0.12011106,0.133333333,0.094516313,0.083333333,0.102111051,0.19,0.285832119,0.33,0.655103045,1.0,0.034482759,2.0,0.071428571,-2.0,-0.058823529,-8.0,-0.228571429,0.0,0.0,0.0,0.0,3.0,0.083333333,4.0,0.173913043,2.0,0.083333333,-9.0,-0.236842105,-6.0,-0.136363636,16.0,0.571428571,3.0,0.12,7.0,0.388888889,2.0,0.125,0.0,0.0,5.0,0.172413793,-3.0,-0.09375,0.0,0.0,13.0,0.590909091,6.0,0.375,0.0,0.0,1.0,0.25,0.0,0.0,-1.0,-0.037037037,-2.0,-0.068965517,4.0,0.16,1.0,0.028571429,-2.0,-0.054054054,-3.0,-0.075,0.0,0.0,-1.0,-0.041666667,-5.0,-0.172413793,-1.0,-0.04,3.0,0.136363636,-3.0,-0.12,0,0,0,0,0.21,0.17,0.17,0.24,0.02
2025-12-01,bandung,12,-2.45e-16,1.0,1.32,0.13,0.41,30,28,33,34,6,27,44.0,30.0,23.0,16615.74143,4.75,12750,-0.5,0,0,0.0,0,1,0,1,1,0,0.21,0.35,0.17,0.17,0.28,0.21,0.17,0.39,0.18,0.24,0.1,0.06,0.02,0.03,0.52,30.0,29.0,38.0,30.0,28.0,25.0,32.0,34.0,34.0,27.0,35.0,35.0,5.0,5.0,5.0,26.0,26.0,27.0,39.0,36.0,35.0,27.0,23.0,23.0,26.0,24.0,25.0,16619.535,16524.31261,16429.63048,4.75,4.75,4.75,12200.0,12200.0,12200.0,-0.6,-0.5,-0.4,0.453333333,0.308274769,0.275,0.290774827,0.363333333,0.245831921,0.253333333,0.233380948,0.253333333,0.119303534,0.188333333,0.110529031,0.236666667,0.135030861,0.13,0.155692004,0.93,1.567513955,0.658333333,1.192768488,0.0,0.0,-2.0,-0.066666667,1.0,0.03125,7.0,0.259259259,1.0,0.2,1.0,0.038461538,5.0,0.128205128,3.0,0.111111111,-3.0,-0.115384615,1.0,0.034482759,-9.0,-0.236842105,-6.0,-0.136363636,2.0,0.071428571,3.0,0.12,7.0,0.388888889,-2.0,-0.058823529,0.0,0.0,5.0,0.172413793,-8.0,-0.228571429,0.0,0.0,13.0,0.590909091,0.0,0.0,0.0,0.0,1.0,0.25,0.0,0.0,-1.0,-0.037037037,-2.0,-0.068965517,3.0,0.083333333,1.0,0.028571429,-2.0,-0.054054054,4.0,0.173913043,0.0,0.0,-1.0,-0.041666667,2.0,0.083333333,-1.0,-0.04,3.0,0.136363636,0,0,0,0,0.8,0.64,0.2,0.37,2.74
2026-01-01,bandung,1,0.5,0.866025404,-0.83,0.04,-0.42,29,30,36,34,6,32,42.0,26.0,23.0,16743.9605,4.75,12350,-0.4,0,0,0.0,0,1,0,0,0,0,0.8,0.21,0.35,0.64,0.17,0.28,0.2,0.17,0.39,0.37,0.24,0.1,2.74,0.02,0.03,30.0,30.0,29.0,28.0,30.0,28.0,33.0,32.0,34.0,34.0,27.0,35.0,6.0,5.0,5.0,27.0,26.0,26.0,44.0,39.0,36.0,30.0,27.0,23.0,23.0,26.0,24.0,16615.74143,16619.535,16524.31261,4.75,4.75,4.75,12750.0,12200.0,12200.0,-0.5,-0.6,-0.5,0.283333333,0.484183161,0.216666667,0.34185767,0.22,0.39736633,0.178333333,0.282518436,0.246666667,0.107857931,0.228333333,0.127344677,0.096666667,0.366651515,0.061666667,0.242521477,0.266666667,2.359689245,0.123333333,1.542837213,-1.0,-0.033333333,2.0,0.071428571,3.0,0.090909091,0.0,0.0,0.0,0.0,5.0,0.185185185,-2.0,-0.045454545,-4.0,-0.133333333,0.0,0.0,0.0,0.0,1.0,0.034482759,-9.0,-0.236842105,-2.0,-0.066666667,2.0,0.071428571,3.0,0.12,1.0,0.03125,-2.0,-0.058823529,0.0,0.0,7.0,0.259259259,-8.0,-0.228571429,0.0,0.0,1.0,0.2,0.0,0.0,0.0,0.0,1.0,0.038461538,0.0,0.0,-1.0,-0.037037037,5.0,0.128205128,3.0,0.083333333,1.0,0.028571429,3.0,0.111111111,4.0,0.173913043,0.0,0.0,-3.0,-0.115384615,2.0,0.083333333,-1.0,-0.04,0,0,0,0,-0.16,-0.15,0.37,-0.32,-1.96
2026-02-01,bandung,2,0.866025404,0.5,1.62,0.02,-0.31,42,31,41,43,8,33,39.0,27.0,22.0,16741.54,4.75,11800,-0.2,1,0,1.0,0,1,0,0,0,0,-0.16,0.8,0.21,-0.15,0.64,0.17,0.37,0.2,0.17,-0.32,0.37,0.24,-1.96,2.74,0.02,29.0,30.0,30.0,30.0,28.0,30.0,36.0,33.0,32.0,34.0,34.0,27.0,6.0,6.0,5.0,32.0,27.0,26.0,42.0,44.0,39.0,26.0,30.0,27.0,23.0,23.0,26.0,16743.9605,16615.74143,16619.535,4.75,4.75,4.75,12350.0,12750.0,12200.0,-0.4,-0.5,-0.6,0.543333333,0.616468437,0.393333333,0.427301611,0.39,0.46808119,0.305,0.312329954,0.33,0.115325626,0.288333333,0.116518954,0.006666667,0.346458271,0.07,0.237486842,1.093333333,2.646985707,0.641666667,1.755020418,13.0,0.448275862,1.0,0.033333333,5.0,0.138888889,9.0,0.264705882,2.0,0.333333333,1.0,0.03125,-3.0,-0.071428571,1.0,0.038461538,-1.0,-0.043478261,-1.0,-0.033333333,0.0,0.0,1.0,0.034482759,2.0,0.071428571,-2.0,-0.066666667,2.0,0.071428571,3.0,0.090909091,1.0,0.03125,-2.0,-0.058823529,0.0,0.0,7.0,0.259259259,-8.0,-0.228571429,0.0,0.0,1.0,0.2,0.0,0.0,5.0,0.185185185,1.0,0.038461538,0.0,0.0,-2.0,-0.045454545,5.0,0.128205128,3.0,0.083333333,-4.0,-0.133333333,3.0,0.111111111,4.0,0.173913043,0.0,0.0,-3.0,-0.115384615,2.0,0.083333333,0,0,0,0,0.99,0.68,0.42,-0.03,2.5
2026-03-01,bandung,3,1.0,6.12e-17,1.09,0.0,1.07,49,26,29,36,8,27,49.0,31.0,54.0,16826.97118,4.75,12300,-0.2,1,1,0.0,0,0,0,0,1,0,0.99,-0.16,0.8,0.68,-0.15,0.64,0.42,0.37,0.2,-0.03,-0.32,0.37,2.5,-1.96,2.74,42.0,29.0,30.0,31.0,30.0,28.0,41.0,36.0,33.0,43.0,34.0,34.0,8.0,6.0,6.0,33.0,32.0,27.0,39.0,42.0,44.0,27.0,26.0,30.0,22.0,23.0,23.0,16741.54,16743.9605,16615.74143,4.75,4.75,4.75,11800.0,12350.0,12750.0,-0.2,-0.4,-0.5,0.32,0.598080262,0.386666667,0.431771545,0.313333333,0.423359579,0.338333333,0.310832216,0.366666667,0.055075705,0.31,0.10373042,0.41,1.023572176,0.323333333,0.659838364,0.223333333,2.231464392,0.576666667,1.767604782,7.0,0.166666667,-5.0,-0.161290323,-12.0,-0.292682927,-7.0,-0.162790698,0.0,0.0,-6.0,-0.181818182,10.0,0.256410256,4.0,0.148148148,32.0,1.454545455,13.0,0.448275862,-1.0,-0.033333333,0.0,0.0,1.0,0.033333333,2.0,0.071428571,-2.0,-0.066666667,5.0,0.138888889,3.0,0.090909091,1.0,0.03125,9.0,0.264705882,0.0,0.0,7.0,0.259259259,2.0,0.333333333,0.0,0.0,1.0,0.2,1.0,0.03125,5.0,0.185185185,1.0,0.038461538,-3.0,-0.071428571,-2.0,-0.045454545,5.0,0.128205128,1.0,0.038461538,-4.0,-0.133333333,3.0,0.111111111,-1.0,-0.043478261,0.0,0.0,-3.0,-0.115384615,0,0,0,0,0.13,0.41,0.31,1.58,0.13
